GEOID,CONCELHO_DSG,Indice_Volumetria_2011,Percentagem_Vagos_2011,Idade_Media_Edif_2011,Percentagem_Alojamento_Habitual_2011,Dimensao_Alojamento_2011,Alojamento_Por_Familia_2011,Percentagem_Arrendamento_2011,Numero_Divisoes_2011,Indicador_Acessibilidade_Economica_2011,Alojamento_Por_Familias_2021_2011,Preco_Total_2016,Rendimento_2016,Construcao_2011,Arrendamento_2017,Numero_Alojamentos_Familiares_2011,Numero_Familias_2011
101,Águeda,1.727331467,0.125995275,36.09845466,0.759952752,144.4095441,1.309688879,0.083475746,5.628263501,0.05547184,0.681093394,589,10618,103,3.02,22821,17453
102,Albergaria-a-Velha,1.709911243,0.141594356,38.2066075,0.740167059,136.9124753,1.334379396,0.07365002,5.345486492,0.057720232,0.506053269,596.25,10330,70,3.31,12315,9241
103,Anadia,1.625491254,0.151066233,37.80226555,0.715538431,148.8936408,1.386989772,0.062487509,5.996931945,0.050582705,1.571428571,516.5,10211,79,3.02,15011,10853
104,Arouca,1.652152102,0.092678838,34.21365506,0.691318927,128.5902459,1.438370847,0.057769482,5.500540394,0.066989943,3.215827338,559.5,8352,93,3.13,10715,7464
105,Aveiro,2.003155542,0.121871466,35.71935399,0.752642966,134.4690019,1.306081819,0.166231205,5.241627892,0.062859476,0.937602627,885.25,14083,146,4.48,40570,31142
106,Castelo de Paiva,1.671615654,0.124074822,37.81886706,0.746198358,115.4089186,1.332914798,0.095109794,5.152554613,0.058882689,6.545454545,453.75,7706,55,2.6,7423,5575
107,Espinho,1.93120711,0.115984282,40.7357408,0.756369629,115.4220099,1.312973288,0.226199543,5.004861286,0.069854505,0.56964657,821,11753,22,4.49,15756,12017
108,Estarreja,1.594893122,0.138854296,38.75064842,0.736534869,138.0472808,1.336662505,0.088556283,5.475458497,0.053310567,0.948113208,562,10542,52,3.12,12828,9612
109,Santa Maria da Feira,1.843388136,0.085015028,33.63240925,0.802721538,132.4654743,1.236729776,0.117300066,5.188301397,0.063106061,0.99101348,624.75,9900,184,3.31,60520,48963
110,Ílhavo,1.732342378,0.10722897,34.17966879,0.65579364,136.9345859,1.505857368,0.097153268,5.463535143,0.07180038,0.62890625,869,12103,66,3.91,21955,14597
111,Mealhada,1.707137776,0.128724555,35.30631966,0.747762809,147.859589,1.313484888,0.069645852,5.866833509,0.056678019,-3.023529412,615.75,10864,39,2.93,10137,7742
112,Murtosa,1.624379812,0.048420778,40.10547476,0.498303315,134.1842105,1.996872557,0.038154972,5.450263158,0.070783937,0.693023256,662.75,9363,17,3.13,7653,3837
113,Oliveira de Azeméis,1.770420407,0.118669464,37.02346458,0.803016682,135.255373,1.239905871,0.136293977,5.322504356,0.053723557,0.877266388,561.25,10447,96,2.85,30016,24222
114,Oliveira do Bairro,1.73849812,0.133610032,34.15881442,0.739579654,154.1013052,1.342819874,0.069779782,5.550951982,0.057437082,0.665454545,584.25,10172,77,2.82,11307,8433
115,Ovar,1.715988265,0.108061441,37.34226518,0.699413648,127.1911734,1.424859047,0.111399244,5.243864714,0.065782325,0.590489709,726.5,11044,109,3.72,27765,19510
116,São João da Madeira,2.799911006,0.118500143,40.21729457,0.783417613,125.0365497,1.263989387,0.213951266,4.978435673,0.051028897,0.187586207,582.75,11420,13,3.52,10465,8292
117,Sever do Vouga,1.697995374,0.175505586,38.38365459,0.648988828,135.5507088,1.538511749,0.034560907,5.659760087,0.045321637,-0.317241379,426.25,9405,32,2.54,7060,4596
118,Vagos,1.653984276,0.054562633,31.94918956,0.638532399,152.3741808,1.541009464,0.037670423,5.591195746,0.068085445,1.324435318,642.25,9433,94,2.93,12689,8242
119,Vale de Cambra,1.83150642,0.081265823,36.03695584,0.713080169,130.6420118,1.395924137,0.081348201,5.371952663,0.064845502,-1.465517241,665.25,10259,44,2.8,11838,8489
201,Aljustrel,1.565327543,0.156583018,40.51221498,0.64352011,118.4256287,1.549813532,0.034268986,4.985286249,0.041670341,-3.333333333,472.5,11339,18,,5807,3754
202,Almodôvar,1.564871846,0.137690472,46.81919332,0.561226363,119.8329512,1.77195836,0.043109801,4.839174582,0.049262668,-0.775510204,497.75,10104,23,3.33,5428,3074
203,Alvito,1.507361963,0.186059908,41.81319018,0.559331797,135.7624481,1.693658537,0.069605568,5.342323651,0.036658654,-0.301886792,381.25,10400,7,,1724,1025
204,Barrancos,1.515892421,0.082498072,48.51752241,0.541249036,98.32621083,1.79889043,0.045066045,5.269230769,0.026446459,0.057377049,245,9264,11,,1287,721
205,Beja,1.733185514,0.109402133,48.62091648,0.693723642,121.8761208,1.425187385,0.091686981,5.01405925,0.044208933,-0.256880734,584,13210,25,3.76,20101,14142
206,Castro Verde,1.534582441,0.132477748,47.6620985,0.59884082,123.4002075,1.656153582,0.051638324,5.137668627,0.028834609,-0.753246753,384.25,13326,18,3.43,4822,2917
207,Cuba,1.51082544,0.193040053,40.24610961,0.596520026,146.8141347,1.643820831,0.075197889,5.400111297,0.045504438,0.514705882,476.75,10477,26,,3032,1853
208,Ferreira do Alentejo,1.520521239,0.163139669,50.34660373,0.626587149,124.6593373,1.559088182,0.058244937,4.998761226,0.050890454,-0.428571429,491.5,9658,14,3.31,5185,3334
209,Mértola,1.5038305,0.184696881,51.67153459,0.36656857,100.152635,2.708001275,0.023025151,4.815552699,0.030067189,-0.804878049,268.5,8930,27,,8469,3137
210,Moura,1.518495621,0.118425995,46.82065945,0.544984974,117.2292607,1.825475741,0.057594579,5.136237418,0.04641428,0.507760532,440.75,9496,30,2.94,10626,5833
211,Odemira,1.542224511,0.162942183,40.00395685,0.517211868,102.6885701,1.851082556,0.061890652,4.721425266,0.092582387,37.72972973,840,9073,69,3.96,20924,11362
212,Ourique,1.52218301,0.164795797,48.8984119,0.549319322,118.3877996,1.814124783,0.054610778,4.991721133,0.039388346,-0.824817518,394.75,10022,22,,4175,2308
213,Serpa,1.518664752,0.078944835,58.73371962,0.583132762,119.0199336,1.696667756,0.036500579,5.231229236,0.037424828,-0.29638009,348.5,9312,36,,10356,6122
214,Vidigueira,1.514677902,0.160677618,50.75292199,0.592145791,144.3654267,1.660699062,0.05,5.133041575,0.036333999,0.022026432,345.5,9509,3,,3880,2346
301,Amares,1.711725035,0.045591756,30.01561761,0.639429583,142.7332682,1.55654569,0.06165241,5.672040384,0.062329079,1.343283582,547,8776,69,2.27,9586,6172
302,Barcelos,1.713417585,0.093633432,31.93687819,0.795178184,137.8287815,1.2470041,0.071739039,5.476948802,0.071293094,1.140936486,639,8963,297,3.29,47394,38052
303,Braga,2.440566183,0.125569752,30.01151908,0.746640531,138.0312332,1.323508267,0.174741201,5.24549856,0.052612155,0.512459507,641.5,12193,443,3.79,84525,63986
304,Cabeceiras de Basto,1.693919717,0.079521163,33.52225502,0.60057717,122.1025458,1.66417645,0.058211835,5.44258501,0.05181004,-110.75,410.75,7928,70,2.39,9328,5622
305,Celorico de Basto,1.632420778,0.133358412,35.72783795,0.637355403,126.4132841,1.568520431,0.060363499,5.565756458,0.058837461,-1.724550898,434.75,7389,107,2.38,10619,6779
306,Esposende,1.861853006,0.061566363,28.03018755,0.523982246,140.6623483,1.88987102,0.040231258,5.812699571,0.084755211,0.843726521,874.25,10315,163,3.83,20929,11087
307,Fafe,1.729877217,0.107675864,31.93284826,0.698863861,121.1515581,1.425403453,0.159083703,5.155070822,0.065759114,1.788161994,570,8668,167,2.57,25232,17722
308,Guimarães,1.880622837,0.091959874,33.95362867,0.803698158,125.8272932,1.23910059,0.245023682,5.074437757,0.066727328,0.819556714,660,9891,324,3.2,66716,53902
309,Póvoa de Lanhoso,1.681230769,0.075361088,31.91189744,0.622344945,131.7098976,1.603323798,0.078200869,5.466211604,0.067087367,1.271477663,547.5,8161,60,2.48,11739,7341
310,Terras de Bouro,1.614954878,0.093500103,36.16244091,0.506253845,120.1194816,1.9570626,0.013695788,5.513973269,0.053632236,-0.469387755,425.25,7929,23,,4819,2492
311,Vieira do Minho,1.627716662,0.084066956,35.63932117,0.552262864,130.5561798,1.799419902,0.028521609,5.473932584,0.043149246,-0.3,349.25,8094,48,,8029,4482
312,Vila Nova de Famalicão,1.796657919,0.092172561,31.81624987,0.811733025,137.1265123,1.225818601,0.136040517,5.251242174,0.067594433,0.781463415,680,10060,260,3.33,55285,45138
313,Vila Verde,1.749292347,0.079039889,30.7280876,0.671556925,140.7748898,1.480941055,0.051830594,5.566826549,0.064438404,2.147776184,521.5,8093,200,2.52,22998,15557
314,Vizela,1.823989682,0.079686118,30.93903697,0.865384615,122.5095908,1.150413223,0.233466047,4.983503836,0.071127619,1.178837556,641.5,9019,41,2.63,9042,7865
401,Alfândega da Fé,1.627055921,0.127296248,37.89391447,0.518499353,127.813907,1.90958498,0.037603734,5.514257129,0.026546267,-0.101123596,219.75,8278,15,,3856,2024
402,Bragança,2.05261246,0.063959799,33.85412,0.554693467,138.0546075,1.797976147,0.076224679,5.592985259,0.044085141,2.017316017,538.5,12215,80,2.66,24782,13835
403,Carrazeda de Ansiães,1.623362659,0.070973783,41.59257087,0.499438202,120.071888,1.988086374,0.032627039,5.28830874,0.021600524,-0.068345324,181.25,8391,26,,5333,2686
404,Freixo de Espada à Cinta,1.824673203,0.029699842,43.08447712,0.483096367,114.7809026,2.061889251,0.053787397,5.545454545,0.026124943,-0.379888268,228.75,8756,17,,3142,1535
405,Macedo de Cavaleiros,1.842337768,0.121450564,39.02183406,0.534211427,131.2339846,1.866836979,0.048799314,5.481101858,0.043673012,-0.8,390,8930,39,2.1,11660,6263
406,Miranda do Douro,1.770550601,0.091073039,33.67535867,0.549323715,144.423456,1.815057283,0.035370941,6.290078844,0.028909806,-0.88976378,279.5,9668,25,,5513,3055
407,Mirandela,1.807555363,0.097636315,35.85887972,0.620265915,128.9447999,1.599742185,0.080069977,5.394425767,0.058888665,-1.310679612,585,9934,70,2.59,14862,9309
408,Mogadouro,1.683775328,0.093142699,36.81801251,0.545530261,134.6692112,1.828890581,0.033973823,5.773536896,0.02451966,-0.468152866,219.5,8952,29,2.52,7182,3939
409,Torre de Moncorvo,1.760238273,0.144377729,44.17029039,0.50518559,123.3382869,1.960406635,0.052674785,5.350445825,0.028967757,0.010948905,254.25,8777,17,,7309,3738
410,Vila Flor,1.696009146,0.138761468,39.95489503,0.517775229,122.6172885,1.922116091,0.061588642,5.253786479,0.03968254,-0.867647059,325,8190,16,,5212,2722
411,Vimioso,1.729570252,0.071428571,34.02961479,0.422960725,139.4387755,2.361875637,0.018402252,5.887755102,0.027767739,-2.28125,230.5,8301,22,,4619,1962
412,Vinhais,1.606442993,0.031802624,40.60124703,0.536651455,119.2583732,1.860440435,0.018322359,5.319245082,0.036063885,-0.668621701,280,7764,19,,6986,3769
501,Belmonte,1.820190024,0.136520154,35.93384798,0.554385254,118.857404,1.795925791,0.093952922,5.248994516,0.043332607,-1.1953125,397.75,9179,18,1.6,4928,2749
502,Castelo Branco,1.88297053,0.101219322,41.32455714,0.600229274,119.292297,1.651264843,0.093094269,5.27608242,0.043072415,-2.165289256,514.5,11945,95,2.94,38316,23244
503,Covilhã,2.279672146,0.147126307,40.39548521,0.59765459,113.3910363,1.663666352,0.139949471,5.131989566,0.053902903,-0.430526316,566.25,10505,58,2.93,35227,21220
504,Fundão,1.949966975,0.156632514,36.90519044,0.541254874,117.3023666,1.838932889,0.069578258,5.297331319,0.048448789,-1.170212766,456,9412,85,2.91,22004,11995
505,Idanha-a-Nova,1.655588994,0.094993257,42.1133276,0.366739717,106.1808756,2.704353773,0.013772708,5.239861751,0.024744027,-0.893617021,224.75,9083,54,,11835,4387
506,Oleiros,2.405724622,0.064529058,41.09948925,0.495791583,104.1649818,2.011285772,0.017085427,5.511928831,0.031597181,-0.365482234,264.5,8371,16,,4975,2481
507,Penamacor,1.676604425,0.12379495,41.36191746,0.402907422,101.3102924,2.466968667,0.013793103,5.319027725,0.024488427,-1.029032258,219,8943,14,,6525,2649
508,Proença-a-Nova,1.825236759,0.075330467,36.82891968,0.536072623,124.6953938,1.856593732,0.023615765,5.662109955,0.0391948,-1.075396825,358.75,9153,26,,6267,3382
509,Sertã,1.743170163,0.097243108,39.94857809,0.537928154,117.5711398,1.842105263,0.034194465,5.551080703,0.05796371,-0.631578947,488.75,8432,69,2.69,11961,6498
510,Vila de Rei,1.797292546,0.075446278,35.06082982,0.446951836,115.2034665,2.232330827,0.02232747,5.638281839,0.033829309,-1.868421053,301.25,8905,11,,2956,1330
511,Vila Velha de Ródão,1.53029403,0.065439673,44.74131274,0.451650599,115.6513286,2.194230769,0.021407625,5.671419313,0.028737942,-1.289719626,286,9952,15,,3410,1560
601,Arganil,2.047741935,0.114290939,47.81801489,0.451037762,116.9486343,2.194422151,0.032054217,5.559315124,0.045000587,0.244827586,383,8511,66,2.43,10919,4984
602,Cantanhede,1.58871356,0.140454081,36.53848623,0.661335019,144.2873969,1.489320107,0.048632071,5.798954653,0.061523138,-5.460674157,602.25,9789,106,2.8,20542,13811
603,Coimbra,2.107108585,0.147895035,37.82015698,0.720709836,125.8329255,1.3675324,0.162424762,5.360963502,0.067525838,1.402439024,1071.5,15868,322,4.95,79249,58101
604,Condeixa-a-Nova,1.768344131,0.17651212,37.35972578,0.731230878,142.8036405,1.356208107,0.069863336,5.704896907,0.055425904,-1.36,665,11998,43,3.18,8488,6266
605,Figueira da Foz,1.889848552,0.119815242,37.41818985,0.560323326,124.4636964,1.771106021,0.078366497,5.1544967,0.066073571,5.525316456,826.25,12505,133,3.75,43220,24448
606,Góis,1.960478314,0.122874807,52.23104986,0.344281298,116.9758291,2.896474538,0.020510836,5.41202923,0.024001873,0.846666667,205,8541,16,,5168,1787
607,Lousã,1.88346175,0.195711722,42.01197028,0.643713989,132.7250698,1.539031836,0.097125024,5.481127919,0.049105869,-0.787671233,516.25,10513,26,2.64,10574,6879
608,Mira,1.608953306,0.129114511,35.09395973,0.542420028,142.9771074,1.827578903,0.026019282,5.858793325,0.072239448,1.109090909,722.25,9998,58,3.26,8609,4721
609,Miranda do Corvo,1.773665538,0.201219512,40.04837929,0.660298103,135.0924025,1.510128913,0.043041412,5.60349076,0.051217039,0.842975207,479.75,9367,30,2.66,7365,4887
610,Montemor-o-Velho,1.586475165,0.168695652,37.978627,0.728922495,136.3308419,1.3395118,0.027697896,5.457178449,0.05636063,-0.317307692,579.5,10282,80,2.89,13214,9873
611,Oliveira do Hospital,2.006140201,0.136055414,40.67000682,0.576011666,118.789587,1.718671679,0.071835721,5.523942235,0.044763707,-1.711267606,390.25,8718,66,2.46,13684,7980
612,Pampilhosa da Serra,2.162053162,0.081851787,40.39165903,0.355571202,115.0569589,2.799901429,0.015020322,5.613174839,0.025972527,0.625,225,8663,22,,5659,2029
613,Penacova,2.012506348,0.117386622,39.24174708,0.676917554,140.0247612,1.43074816,0.022533861,5.914043155,0.039372863,-0.061151079,334,8483,41,,8343,5841
614,Penela,1.649637442,0.31734239,43.30960229,0.497771174,124.0614334,1.995340957,0.018944232,5.655290102,0.048377981,2.955752212,428,8847,18,,4698,2361
615,Soure,1.610731981,0.177948063,41.46204543,0.647679864,129.5902933,1.528103044,0.025245203,5.552413521,0.048719565,0.99378882,502.25,10309,26,2.83,11725,7686
616,Tábua,1.764065682,0.119181059,45.28214104,0.518014412,121.1797877,1.919850681,0.039408867,5.543785935,0.039643534,0.948717949,334.75,8444,40,2.66,8729,4554
617,Vila Nova de Poiares,1.757131941,0.141980719,37.78234845,0.597721297,136.8522602,1.659033079,0.053116769,5.650128629,0.053482449,-2.928571429,483,9031,13,2.45,4556,2751
701,Alandroal,1.505483208,0.111849391,45.18094585,0.526910299,119.0285955,1.896262075,0.047142539,5.26745164,0.042342501,0.273631841,360.25,8508,11,,4497,2381
702,Arraiolos,1.520299388,0.139221872,45.82297573,0.626919033,125.1008403,1.585,0.078514141,5.328739496,0.05066156,-0.09569378,509.25,10052,29,,4738,3000
703,Borba,1.543392205,0.151710936,45.67844093,0.69681742,111.5073909,1.426766815,0.131572629,5.094534204,0.050991577,-0.152416357,478.25,9379,24,2.7,4165,2929
704,Estremoz,1.600703844,0.186397985,52.66046291,0.611565911,114.5955755,1.614641586,0.119865178,5.054960249,0.044275999,0.257928118,468.75,10587,18,2.84,9494,5901
705,Évora,1.647006191,0.123434888,41.90295512,0.766162874,113.6795398,1.28703785,0.200417751,4.998572958,0.069199971,-1.4,959.25,13862,111,4.77,29204,22774
706,Montemor-o-Novo,1.597117794,0.120007718,43.45056391,0.676538684,113.3006863,1.469312544,0.15286254,4.951958822,0.056041298,-0.127610209,602.5,10751,24,3.47,10323,7055
707,Mora,1.507240755,0.237240318,42.32919576,0.526032316,117.1020508,1.889966069,0.076546392,5.108398438,0.042016807,0.218623482,405,9639,14,,3880,2063
708,Mourão,1.501066667,0.122636689,38.94533333,0.510986203,144.8118006,1.95114656,0.051901336,5.514750763,0.034667253,0.026666667,315.3333333,9096,3,,1946,1003
709,Portel,1.500479272,0.18630201,53.13994728,0.597475456,124.4707958,1.652375435,0.047864852,5.021168169,0.033937605,0.088785047,281.75,8302,11,,4262,2589
710,Redondo,1.527305513,0.11992984,56.48956723,0.614119711,118.8616869,1.623709505,0.128819521,5.357398142,0.046056973,-0.076023392,418.75,9092,29,,4549,2809
711,Reguengos de Monsaraz,1.524378026,0.067973246,47.92770078,0.644423705,132.4280184,1.540987536,0.069763804,5.432615534,0.047526818,-1.730434783,478.5,10068,18,2.72,6393,4172
712,Vendas Novas,1.639079801,0.154180914,38.94931271,0.727074915,119.714837,1.364581124,0.12484414,5.650128629,0.053482449,-0.045454545,483,9031,13,2.45,6416,4715
713,Viana do Alentejo,1.509286129,0.165969317,39.61506094,0.611715481,135.8854404,1.619241192,0.063865546,5.367412141,0.045289314,-0.172413793,454.75,10041,15,,3570,2214
714,Vila Viçosa,1.593830666,0.131953158,45.51755292,0.694061062,109.3589744,1.434743474,0.142737196,5.1173454,0.056903344,-0.438848921,592.25,10408,18,2.31,4764,3333
801,Albufeira,1.935741136,0.123952595,26.3668597,0.36801537,111.9451821,2.631059683,0.085078933,4.438796156,0.129438853,1.654569892,1363.25,10532,87,5.78,42631,16420
802,Alcoutim,1.535827795,0.128518624,45.61817394,0.385555871,99.00442478,2.582232012,0.005986317,4.888643068,0.051139553,-0.655172414,455.5,8907,7,,3508,1362
803,Aljezur,1.545446114,0.109330184,29.45668707,0.445419268,120.0591377,2.237448094,0.044758339,4.771842808,0.131297629,3.076923077,1240.5,9448,63,4.42,5876,2649
804,Castro Marim,1.591648189,0.084865123,28.16008869,0.325614705,115.3457153,2.966713881,0.032886869,4.70871644,0.117152052,-3.956521739,1110.25,9477,31,4.86,8362,2824
805,Faro,2.047227212,0.15280952,41.60673929,0.69285733,114.709027,1.41360615,0.189282423,4.689590652,0.07343727,0.501390821,996.25,13566,90,4.96,37975,26929
806,Lagoa,1.733792671,0.08733537,28.59113686,0.445390355,121.9715768,2.20141109,0.073412293,4.777802842,0.129497444,0.924788136,1342.5,10367,48,4.63,24636,13451
807,Lagos,1.922112836,0.120361157,29.10159031,0.456900682,116.7186614,2.160946086,0.086311506,4.687464549,0.13906397,0.619383825,1478.25,10630,51,5.28,27030,12557
808,Loulé,1.861531081,0.141206695,32.59219631,0.421902315,116.6720902,2.316139708,0.091544577,4.691108942,0.145223633,1.328828829,1578,10866,153,5.6,65662,28402
809,Monchique,1.568317067,0.211178773,51.60235658,0.561548499,100.6879845,1.780100658,0.067785527,4.748837209,0.052392455,-1.4,455.5,8694,24,,4588,2583
810,Olhão,1.870713958,0.141236053,43.01199764,0.664826168,111.6851895,1.488550051,0.142001907,4.671311759,0.095227734,2.02425876,984.75,10341,64,4.09,26225,17642
811,Portimão,2.240064339,0.112338311,34.13531265,0.472037552,109.6851317,2.070404573,0.104850563,4.559725731,0.102147897,0.988344051,1143.75,11197,67,4.93,46943,22740
812,São Brás de Alportel,1.655707947,0.105687348,40.68485276,0.641575426,134.07579,1.534297713,0.091587931,5.081967213,0.073744251,0.868493151,817.75,11089,21,3.45,6562,4286
813,Silves,1.796100753,0.131618481,40.15462245,0.453904406,116.1249915,2.178969871,0.06459242,4.743584535,0.105874181,1.290743155,1067,10078,158,4.38,32558,14969
814,Tavira,1.803288431,0.142085764,37.84726624,0.413250828,114.444763,2.392907668,0.070517126,4.785550459,0.118243569,0.308075773,1227.25,10379,74,4.96,25313,10603
815,Vila do Bispo,1.55623071,0.13062385,27.7101659,0.379327647,105.2175844,2.615485564,0.054040318,4.677175844,0.128057165,0.334586466,1303.75,10181,69,,5903,2286
816,Vila Real de Santo António,2.024113388,0.166751424,33.39329979,0.367066721,106.4218273,2.638400644,0.070675159,4.730769231,0.125343861,5.591133005,1230.25,9815,70,5.16,19625,7453
901,Aguiar da Beira,1.76519983,0.165985282,36.63052721,0.430703189,126.4146457,2.317385126,0.022550226,5.483594864,0.046498204,-77,362.5,7796,31,,4878,2111
902,Almeida,1.650903708,0.068816241,40.07821751,0.451112106,126.5061238,2.200722733,0.034963986,5.652432969,0.025327894,-0.183333333,245.25,9683,18,,6664,3044
903,Celorico da Beira,1.783390119,0.189709596,37.45110733,0.482638889,121.5223097,2.066536204,0.03984127,5.371062992,0.023520055,-0.040983607,207,8801,20,,6300,3066
904,Figueira de Castelo Rodrigo,1.660707346,0.167772861,41.61552662,0.46109882,115.7139992,2.158376442,0.031643227,5.490573606,0.014590515,-0.183139535,122.75,8413,13,,5404,2513
905,Fornos de Algodres,1.891998944,0.147856087,43.44507526,0.48915722,119.6518668,2.034085213,0.044499382,5.480827447,0.03372382,0.472222222,285,8451,12,,4045,1995
906,Gouveia,2.224791769,0.182020076,40.3911318,0.502887092,120.3472959,1.981517338,0.064539197,5.485330505,0.024793619,0.032679739,222.25,8964,36,2.5,11187,5681
907,Guarda,2.139837944,0.116154012,37.18711292,0.583494658,126.6969995,1.700646263,0.081739068,5.2851697,0.048898991,-32.15789474,586.25,11989,81,2.9,27808,16402
908,Manteigas,2.071109123,0.073254483,38.17620751,0.528424266,106.1552347,1.884255931,0.058778333,5.496750903,0.039902924,-2.223880597,353.5,8859,12,,2603,1391
909,Meda,1.849851758,0.151582342,40.98009318,0.448498287,123.5036004,2.218694097,0.031742822,5.338433843,0.029560399,-0.684848485,242.75,8212,31,,4946,2236
910,Pinhel,1.771584842,0.178703021,36.85362677,0.481945468,117.7824535,2.069123253,0.029632362,5.277480235,0.025718927,0.092838196,213.75,8311,33,,8133,3935
911,Sabugal,1.797403802,0.077663588,37.26905755,0.344998049,121.7516525,2.888220928,0.014481409,5.45401322,0.03320334,-0.957186544,302.25,9103,28,,15330,5323
912,Seia,2.430894038,0.158107199,43.78610536,0.538629738,121.6769183,1.846185695,0.059295234,5.649499583,0.03361481,0.159090909,310.5,9237,70,2.48,17708,9661
913,Trancoso,1.661803882,0.183778603,41.75840416,0.470947646,127.7671756,2.121219822,0.032544734,5.427735369,0.030888707,-0.729241877,264.5,8563,31,,8327,3935
914,Vila Nova de Foz Côa,1.761113865,0.100107643,38.15790778,0.464708596,121.3990066,2.149752066,0.056865465,5.461589404,0.032500287,-0.131067961,283.5,8723,26,1.95,6489,3025
1001,Alcobaça,1.680962382,0.146840042,37.316356,0.625879368,126.2718711,1.583165967,0.067379061,5.203176215,0.067262192,1.647173489,696.5,10355,119,3.26,34625,21908
1002,Alvaiázere,1.612024854,0.138917976,41.41109284,0.52460733,122.5575192,1.899237653,0.023068857,5.533844615,0.046600303,0.003773585,400.25,8589,18,,5722,3017
1003,Ansião,1.607540814,0.164240918,41.26723244,0.604188853,137.0343137,1.639697322,0.029171113,5.616862745,0.051867336,-0.3115727,465.25,8970,43,2.53,8433,5154
1004,Batalha,1.654275343,0.14160881,33.45980102,0.712113957,141.509672,1.386556017,0.045825336,5.392767031,0.055462866,1.368932039,581.75,10489,69,2.75,8336,6025
1005,Bombarral,1.672676838,0.172555362,40.49922947,0.640209007,130.7183181,1.542506237,0.085981308,5.099085069,0.053058645,0.948275862,524.75,9890,28,2.83,8025,5211
1006,Caldas da Rainha,1.81449849,0.156842546,35.61399854,0.655957248,122.1340475,1.511581509,0.120223702,5.019409366,0.063511691,0.884665793,706.25,11120,80,3.67,30934,20550
1007,Castanheira de Pêra,1.696548988,0.124175824,42.31197937,0.478388278,114.7126437,2.04954955,0.062200957,5.452873563,0.039146645,0.214285714,330.75,8449,10,,2717,1332
1008,Figueiró dos Vinhos,1.594627193,0.170190926,39.66381579,0.525354137,117.8725068,1.887253003,0.038287361,5.412592882,0.042355487,-0.165898618,381.75,9013,19,,4858,2581
1009,Leiria,1.852522012,0.128747534,34.38681621,0.711323078,136.4417575,1.389258702,0.088676246,5.399636637,0.058099025,1.038421955,708.75,12199,266,3.82,67301,48523
1010,Marinha Grande,1.726731454,0.159379408,34.03401314,0.69707448,130.7869463,1.422128761,0.105222384,5.246765974,0.044886137,0.138508371,561.75,12515,30,3.28,21944,15455
1011,Nazaré,1.980597798,0.122984484,35.82066072,0.453529054,110.8825509,2.196091532,0.097873314,4.862527343,0.101661754,2.656521739,1000.25,9839,51,3.53,13119,5987
1012,Óbidos,1.603668839,0.132491415,30.28892107,0.499833832,131.7813541,1.964099217,0.049688751,5.176914539,0.10483559,1.059360731,1084,10340,37,3.44,8996,4596
1013,Pedrógão Grande,1.639842841,0.110868378,40.52430151,0.450300382,114.4488429,2.195443645,0.02297593,5.251522533,0.042965484,0.625,359.75,8373,18,,3656,1668
1014,Peniche,1.825268212,0.091603053,32.27421412,0.513665065,111.4939081,1.934372436,0.103581892,4.848532398,0.080021588,10.81081081,815.5,10191,66,3.62,21162,10971
1015,Pombal,1.694634913,0.14887196,36.79367495,0.616847348,131.3106219,1.608160957,0.045017021,5.530715101,0.057968395,0.504132231,561.25,9682,157,3.12,34076,21223
1016,Porto de Mós,1.626515152,0.119644363,37.32473262,0.702153752,139.9655963,1.395251845,0.069492436,5.423984273,0.050616979,-2.705882353,512.75,10130,42,2.51,13023,9351
1101,Alenquer,1.809913054,0.1691766,38.51353172,0.694311288,115.9587156,1.407343284,0.092793137,4.834740061,0.051587655,0.097142857,580,11243,82,3.93,23547,16750
1102,Arruda dos Vinhos,1.815972222,0.147260274,38.92603114,0.739130435,124.5012092,1.3306915,0.110067114,4.87343813,0.056038426,-0.007968127,735,13116,40,3.77,6705,5047
1103,Azambuja,1.6514912,0.164781771,36.86974391,0.679065092,109.5142575,1.456264487,0.083067629,4.75793112,0.059495303,0.477987421,646,10858,50,3.68,11918,8197
1104,Cadaval,1.630807312,0.094591511,37.00590251,0.632131447,126.4894966,1.570609319,0.046633901,5.171314741,0.054817708,-0.632478632,526.25,9600,54,2.92,8749,5580
1105,Cascais,2.26689437,0.125344643,31.68745415,0.746498612,116.035248,1.329845419,0.182196004,4.803523568,0.092010873,0.355499886,1641.75,17843,492,8.06,108998,82093
1106,Lisboa,3.757067205,0.154975137,60.13221007,0.732938043,97.47984168,1.328378955,0.310270648,4.607434446,0.10337005,2.526116578,1970.75,19065,238,9.62,323076,243892
1107,Loures,2.365396366,0.117470607,37.51905451,0.80037043,97.79094692,1.234639093,0.23541738,4.47779599,0.088166175,-1.02907916,1106.75,12553,168,5.8,99262,80464
1108,Lourinhã,1.738463851,0.142421756,32.15898843,0.578068222,124.982201,1.693835004,0.070384502,5.103539463,0.07352367,1.187898089,753.25,10245,97,3.41,17035,10073
1109,Mafra,1.915845297,0.115673813,32.7592672,0.665595828,127.8943775,1.487070308,0.116353887,4.892066937,0.069872457,0.464599722,947.75,13564,202,4.73,42895,28887
1110,Oeiras,3.196075207,0.100682435,34.38971112,0.823692579,110.6097561,1.20364886,0.193757553,4.627759763,0.067830449,0.484049931,1325,19534,60,7.84,86056,71584
1111,Sintra,2.409697204,0.126505299,36.43444985,0.781016549,102.5706734,1.2684101,0.164556338,4.519280927,0.058802115,0.161664092,767.25,13048,248,5.26,182673,144160
1112,Sobral de Monte Agraço,1.720884999,0.178578163,38.39448091,0.722232698,127.2079958,1.374190205,0.118935246,4.921087013,0.061543565,0.773148148,695.75,11305,36,3.31,5297,3859
1113,Torres Vedras,1.717881521,0.131179713,35.1784343,0.657133407,123.9397809,1.503447819,0.093805896,4.981719202,0.070963953,0.423580786,785.5,11069,193,4.22,45285,30164
1114,Vila Franca de Xira,2.893105276,0.111646833,37.29415921,0.812053743,104.0437899,1.219660649,0.170495582,4.484325513,0.066178737,0.090869565,859,12980,43,4.86,65075,53396
1115,Amadora,3.616384346,0.105672679,37.22101343,0.815041574,85.31733854,1.198861547,0.248096634,4.199344399,0.065766351,-7.905660377,860.75,13088,9,6.43,88002,73433
1116,Odivelas,2.851688693,0.100725035,31.49375918,0.819723273,97.3290636,1.199050984,0.216957137,4.43959364,0.084190133,1.128601253,1097.25,13033,245,6.17,69198,57744
1201,Alter do Chão,1.564449064,0.156351792,46.09390159,0.472638436,121.4954892,2.096994536,0.089449541,5.510062457,0.027717133,0.210227273,292,10535,11,,3052,1464
1202,Arronches,1.543458579,0.220478619,46.39022182,0.488426834,113.323955,2.045746388,0.111023622,5.164790997,0.029383672,0.130952381,292.25,9946,5,,2540,1246
1203,Avis,1.510065211,0.154574986,46.44768925,0.50351922,118.5960591,1.978575254,0.054362599,5.114942529,0.037082885,0.405172414,344.5,9290,16,,3679,1867
1204,Campo Maior,1.57508491,0.122436166,44.37894226,0.662829636,122.675537,1.505356018,0.109712608,5.480923373,0.047428276,21.58823529,550.5,11607,15,2.47,4767,3174
1205,Castelo de Vide,2.084278156,0.131660364,50.84920635,0.483671365,106.712963,2.054378531,0.083131278,5.396723647,0.022160408,-0.185840708,239,10785,11,,2887,1416
1206,Crato,1.533688499,0.099052278,43.46490128,0.472026903,116.4332248,2.110322581,0.033731984,5.611074919,0.021726656,0.365853659,208.25,9585,16,,3261,1550
1207,Elvas,1.752828547,0.16537487,46.09530026,0.661350425,113.4847971,1.506117409,0.16471028,4.949700463,0.044209302,-0.139393939,475.25,10750,35,3.04,13375,8909
1208,Fronteira,1.53652243,0.102721349,47.17963478,0.517056343,119.2920682,1.932592593,0.064404165,5.449962936,0.031925,0.184210526,319.25,10000,6,,2593,1350
1209,Gavião,1.542844652,0.159977858,46.80136986,0.48048713,105.3550808,2.07286288,0.023339817,5.291570439,0.024986406,0.254545455,229.75,9195,4,,3599,1743
1210,Marvão,1.577170418,0.174983367,53.4842801,0.49001996,116.7289402,2.039348711,0.112378397,5.683423913,0.034699131,0.10326087,323.5,9323,7,,2981,1474
1211,Monforte,1.513781223,0.071428571,50.74655469,0.515215554,117.8511706,1.940935193,0.071307301,5.328595318,0.021885771,-0.644736842,222.25,10155,21,,2356,1219
1212,Nisa,1.57221602,0.144609513,49.51353614,0.437644814,118.0897476,2.27998757,0.024993171,5.839825491,0.028498986,0.307829181,281,9860,21,,7322,3218
1213,Ponte de Sor,1.552643028,0.126124383,38.22074179,0.637295677,115.3532194,1.549842602,0.086952307,5.122825755,0.054226385,-0.638629283,480.5,8861,45,3.19,10316,6671
1214,Portalegre,1.853215993,0.150517276,46.79976097,0.684021908,116.5092474,1.455610236,0.163535237,5.212145188,0.048362188,0.155629139,595,12303,37,3.1,14743,10160
1215,Sousel,1.514249074,0.187383551,53.65616985,0.549640671,131.7046557,1.813223938,0.061649319,5.182832202,0.029413399,0.365,264.75,9001,9,,3747,2072
1301,Amarante,1.744702696,0.119503308,33.48796365,0.678741996,125.1629471,1.45631118,0.127310716,5.276723329,0.067516497,5.042372881,562.75,8335,243,2.7,28238,19410
1302,Baião,1.668420554,0.156263452,36.35433257,0.616616444,111.6238481,1.620170177,0.076929711,5.046216141,0.055901462,-0.602150538,413,7388,70,2.57,11595,7169
1303,Felgueiras,1.818562106,0.120983998,33.19596743,0.776296845,128.1298034,1.279286391,0.170126019,5.258652674,0.066024436,1.056792873,562,8512,101,2.53,24282,19002
1304,Gondomar,2.095708307,0.114014672,38.55511639,0.831911042,110.9749112,1.195635547,0.210564301,4.798831481,0.063855078,0.430156908,671.5,10516,157,4.18,73436,61451
1305,Lousada,1.748261958,0.110569454,30.18746524,0.8104141,130.2470565,1.223503965,0.138829331,5.273184284,0.067014548,0.95441989,529.75,7905,137,2.21,18656,15257
1306,Maia,2.065138744,0.111435132,36.46678726,0.835805387,125.0135469,1.186977799,0.18772436,4.91249724,0.058221237,0.027896996,774.75,13307,104,4.78,59614,50268
1307,Marco de Canaveses,1.782262754,0.115394181,33.79074808,0.730290972,124.4136854,1.361742959,0.133966726,5.134639409,0.073417389,3.255102041,559,7614,182,2.5,24103,17717
1308,Matosinhos,2.177723202,0.10179364,39.89194046,0.8178756,110.9569417,1.212530042,0.226851683,4.769065905,0.073970523,0.043658088,998.75,13502,82,5.99,82155,67821
1309,Paços de Ferreira,1.827722639,0.095484722,30.20372854,0.833466736,128.0255047,1.186006254,0.16246525,5.176553752,0.075335528,0.967226891,595,7898,175,2.75,21223,17908
1310,Paredes,1.86074687,0.11271179,33.63095693,0.817882243,120.3383633,1.219712599,0.144920348,5.054330765,0.074039421,0.907571288,593.5,8016,167,2.91,34274,28114
1311,Penafiel,1.744945601,0.113172418,34.63458408,0.787552364,124.8785485,1.264100193,0.138644835,5.06176073,0.076242403,1.309798271,639.75,8391,318,2.79,30048,23794
1312,Porto,2.663861565,0.187343626,59.0922525,0.716536975,106.8848879,1.367613512,0.315219369,4.759914461,0.064917616,-2.889048991,1099.25,16933,205,6.77,137371,100826
1313,Póvoa de Varzim,2.133264947,0.099693647,32.21995897,0.616485813,131.2096362,1.611841802,0.116279736,5.26218464,0.08801633,0.701773836,916.25,10410,154,4.01,34890,21669
1314,Santo Tirso,1.705357957,0.08960694,35.83342453,0.830335227,129.9203583,1.191641958,0.175892256,5.238844081,0.066666667,2.785388128,643,9645,165,2.93,29700,24958
1315,Valongo,2.089769959,0.09709482,34.32405954,0.835752256,114.3543468,1.191451128,0.183035162,4.820620632,0.06202335,0.506910721,658.75,10621,96,4.11,40413,33946
1316,Vila do Conde,1.880803669,0.083214191,35.67696003,0.709954991,127.6593361,1.388092613,0.126136394,5.258559534,0.081187708,0.511674118,879.75,10836,174,4,37729,27210
1317,Vila Nova de Gaia,2.064566433,0.124778736,39.86200989,0.798467309,113.9539495,1.245932629,0.203315243,4.804483451,0.062922615,0.28159204,753.75,11979,144,4.81,142252,114263
1318,Trofa,1.766014768,0.112362426,34.11055678,0.83203225,135.1954661,1.194344669,0.143689569,5.266712931,0.065857229,0.422632794,652.25,9904,63,3.45,15617,13085
1401,Abrantes,1.690642184,0.171648799,45.84478103,0.62219266,116.8771256,1.597774444,0.076419385,5.178863837,0.042280946,0.303839733,456,10785,67,2.65,25504,15996
1402,Alcanena,1.703897267,0.195318306,43.2566821,0.680455784,130.9825168,1.454774775,0.085576088,5.233837188,0.038258038,0.108761329,376,9828,22,2.39,8063,5550
1403,Almeirim,1.637369096,0.168655984,36.49048942,0.757030739,125.9063853,1.308935259,0.071627374,4.949350649,0.053878874,0.2375,532,9874,44,3.19,12216,9345
1404,Alpiarça,1.571551972,0.167899408,39.36625396,0.738412229,128.1062124,1.350649351,0.066189183,5.19739479,0.05727473,0.296610169,546,9533,13,,4049,3003
1405,Benavente,1.797685137,0.135408191,30.52398659,0.737455926,121.6259788,1.345252212,0.125475285,4.89276831,0.056513244,0.542234332,650.75,11515,45,3.65,14728,10963
1406,Cartaxo,1.636254622,0.13750749,39.47062057,0.710305572,122.8871752,1.394610403,0.104643313,4.865096134,0.050157978,4.571428571,571.5,11394,44,3.16,13331,9574
1407,Chamusca,1.531099242,0.223576584,48.56581668,0.665918204,112.8767784,1.496280298,0.117325619,4.999276585,0.043925285,0.410367171,396.25,9021,11,2.24,6222,4167
1408,Constância,1.63830362,0.145346171,39.41220962,0.707473636,125.3250975,1.393610224,0.094712644,5.098179454,0.050403407,-1.157894737,562.25,11155,8,,2175,1565
1409,Coruche,1.53273961,0.231638865,43.34639525,0.654201913,108.167052,1.518669708,0.071174095,4.883805816,0.045706591,0.641340782,432.75,9468,22,3.33,12631,8329
1410,Entroncamento,2.372771084,0.142790481,35.38662651,0.750536631,125.4479841,1.328250899,0.112398393,5.058362369,0.04285192,0.696864111,586,13675,41,3.06,10703,8067
1411,Ferreira do Zêzere,1.65765181,0.139933555,42.21563537,0.454352159,126.1862917,2.188772542,0.018646777,5.369068541,0.063276903,-0.006410256,534.5,8447,53,,7508,3438
1412,Golegã,1.536062027,0.180946292,39.89307609,0.679667519,130.8352941,1.465105386,0.094060995,5.217882353,0.037898873,2.869230769,400.25,10561,12,2.91,3115,2135
1413,Mação,1.614470517,0.132943859,43.42772262,0.442291251,123.3075435,2.252969502,0.019563044,5.803030303,0.01863354,1.087412587,177,9499,29,,7003,3115
1414,Rio Maior,1.65026961,0.179647436,39.70826127,0.649919872,128.720385,1.502890173,0.070365903,5.097359329,0.05345667,-1.273333333,549,10270,53,3.02,12435,8304
1415,Salvaterra de Magos,1.528890133,0.131561009,32.69182302,0.708674165,124.4901038,1.389369007,0.063002223,4.970190683,0.063776532,2.021276596,637,9988,100,3.49,11698,8447
1416,Santarém,1.778622816,0.156101584,43.97677287,0.701817251,129.3891734,1.409847239,0.115818565,5.159798423,0.044697581,0.487479132,554.25,12400,141,3.33,35098,24941
1417,Sardoal,1.634163701,0.170184255,38.436121,0.501842546,126.4529058,1.971598415,0.050841751,5.563794255,0.021844338,2.045454545,219.6666667,10056,19,,2970,1514
1418,Tomar,1.691342262,0.143165959,40.14338023,0.614532767,119.5633986,1.612425855,0.085171103,5.201598909,0.054047202,0.313161876,586.25,10847,56,3.29,26300,16353
1419,Torres Novas,1.661838222,0.158813681,43.74034813,0.689404449,127.1375981,1.429108559,0.082302751,5.253455581,0.041634021,-0.253303965,478.25,11487,123,3.15,20862,14628
1420,Vila Nova da Barquinha,1.580257762,0.157024793,40.73286467,0.704666991,125.1382648,1.413745704,0.117991224,5.163843761,0.045119863,-0.428571429,527,11680,24,2.76,4102,2910
1421,Ourém,1.834767388,0.128794346,38.18134464,0.574828422,131.6966145,1.723778693,0.045204159,5.368774915,0.065910935,2.488745981,649.75,9858,139,3.17,29046,16990
1501,Alcácer do Sal,1.579761115,0.162070524,39.75992037,0.584425859,112.3810911,1.689839572,0.075980948,4.841778295,0.067898102,-0.102466793,669,9853,32,3.56,8818,5236
1502,Alcochete,2.258469945,0.141692151,36.36491803,0.762827047,122.6448737,1.299528996,0.167498299,4.812332838,0.059999359,0.584758942,935.75,15596,19,4.7,8818,6794
1503,Almada,2.373518134,0.097413725,33.94009601,0.69838284,101.0957459,1.412163948,0.194049861,4.614509871,0.069466657,0.054075442,999,14381,117,6,101443,71901
1504,Barreiro,2.653070494,0.124772575,42.13008721,0.787465288,95.94207753,1.259178875,0.182587029,4.443980875,0.047956647,0.049496644,617.25,12871,38,4.55,41739,33174
1505,Grândola,1.63703545,0.149635641,38.76443183,0.488737993,111.4254162,2.02142618,0.065858317,4.761977574,0.072906845,-1.515243902,773.25,10606,61,3.6,12041,5974
1506,Moita,2.135707372,0.161508955,37.46499435,0.747094281,95.26828514,1.326586831,0.161112554,4.455427555,0.050994027,-0.041636231,572,11217,46,4.03,34659,26137
1507,Montijo,2.045744845,0.147687365,41.13157895,0.758611672,111.5323816,1.300835925,0.177383758,4.713086005,0.058886972,0.759341355,750.75,12749,57,4.47,26733,20576
1508,Palmela,1.715154177,0.133811303,29.91775692,0.708217858,120.4472741,1.402035731,0.09535017,4.806415835,0.058960254,0.509835537,761,12907,94,4.31,33141,23677
1509,Santiago do Cacém,1.632572924,0.140661363,43.32150337,0.663311144,117.5728791,1.49671932,0.078292008,4.857844743,0.053744694,-0.669014085,709,13192,129,3.92,18431,12345
1510,Seixal,2.232455849,0.093398029,26.57391117,0.766203238,106.7646284,1.277717994,0.113328133,4.699828869,0.058466052,0.636279586,767.25,13123,196,4.87,79486,62261
1511,Sesimbra,1.819360838,0.089078745,24.44846572,0.582152841,116.4635465,1.651810729,0.090431555,4.774685186,0.080813265,1.065116279,1023.5,12665,130,4.68,31792,19274
1512,Setúbal,2.110613811,0.133807637,36.26322086,0.760922504,108.704842,1.300053799,0.169851312,4.673519909,0.052427042,0.174077904,715,13638,167,4.5,62749,48328
1513,Sines,1.897620539,0.114644351,31.8300981,0.664315601,109.7830018,1.489494302,0.123226737,4.732368897,0.073064443,1.112211221,968.25,13252,34,4.76,8318,5616
1601,Arcos de Valdevez,1.678534202,0.083020177,35.92045603,0.523732439,119.4088398,1.89286496,0.04582585,5.121325967,0.061098994,-1.435828877,504.25,8253,82,2.67,17261,9138
1602,Caminha,1.887744151,0.066948606,33.3401481,0.442835639,129.5325664,2.229662778,0.059818601,5.435839274,0.077771329,4.12173913,804,10338,54,3.56,13892,6257
1603,Melgaço,2.005425471,0.041694068,37.00085665,0.49625148,129.5454545,1.980463662,0.027693525,5.603233501,0.044404871,-0.621621622,386.5,8704,31,,7583,3839
1604,Monção,1.723768462,0.130379652,37.29663622,0.553964347,128.4940083,1.801773955,0.038723182,5.500875185,0.082336681,11.53658537,729.75,8863,50,2.97,13377,7441
1605,Paredes de Coura,1.584978166,0.095825115,40.40899563,0.566568047,129.7097242,1.73630137,0.024723916,5.244412192,0.055720919,-3.435897436,468,8399,40,2.49,6067,3504
1606,Ponte da Barca,1.710220588,0.098519076,37.87051471,0.558483936,118.682554,1.782151644,0.065258393,5.273830935,0.054616344,-4.460674157,437.75,8015,67,2.24,7953,4471
1607,Ponte de Lima,1.674391981,0.056468126,34.04243411,0.649315193,131.8349106,1.525544912,0.061859912,5.57616544,0.077136677,1.833641405,659.75,8553,204,2.83,21872,14406
1608,Valença,1.622487898,0.107116564,36.36658354,0.64809816,130.9239234,1.535129026,0.086838868,5.287421742,0.065241349,2.896296296,592,9074,55,3.02,8130,5309
1609,Viana do Castelo,1.869643128,0.093827007,35.36242976,0.653165186,130.2343477,1.521791195,0.110202727,5.418367023,0.068850449,0.771471247,758.25,11013,159,3.69,48193,31733
1610,Vila Nova de Cerveira,1.640591398,0.090422946,35.69041219,0.563603954,134.8057554,1.767182131,0.052169673,5.455827338,0.066517074,1.96875,644.75,9693,32,2.78,6153,3492
1701,Alijó,1.656471907,0.123574587,38.70673975,0.552943914,113.6215249,1.801677149,0.04946914,5.331297388,0.049674579,-0.272,389.25,7836,26,,8571,4770
1702,Boticas,1.667766051,0.037060978,36.87653914,0.49321267,119.5063346,2.017826087,0.012740229,5.267365662,0.029189294,-0.502057613,225.75,7734,11,,4631,2300
1703,Chaves,1.779077998,0.141770011,36.27177808,0.568031285,134.8740539,1.756109633,0.070485204,5.437213054,0.05849471,-1.189189189,586,10018,41,3.06,28318,16163
1704,Mesão Frio,1.780812641,0.12541806,50.04356659,0.633361204,108.6633663,1.557291667,0.07553504,5.316171617,0.034884484,0,265.75,7618,9,,2383,1536
1705,Mondim de Basto,1.736473192,0.022345133,29.38834235,0.571681416,117.8765002,1.74382716,0.053646642,5.531939605,0.03948235,-1.075757576,299.75,7592,39,,4511,2592
1706,Montalegre,1.678103771,0.088204642,41.91409865,0.4,125.5210801,2.494092628,0.011595856,5.412126954,0.034033819,-1.30449827,277.75,8161,30,,10521,4232
1707,Murça,1.773525721,0.11591403,34.32534504,0.554213958,117.4945534,1.795750217,0.037054977,5.409150327,0.034908187,-1.385542169,273.75,7842,13,,4129,2306
1708,Peso da Régua,1.835956057,0.136417685,42.22260986,0.672035456,117.4161831,1.465853272,0.142655979,5.342520954,0.055777849,-0.260606061,522.75,9372,34,3.16,9232,6311
1709,Ribeira de Pena,1.669160703,0.090207233,36.92398612,0.499187322,113.0850631,1.996754564,0.026069246,5.422873423,0.043090933,-2.436363636,326.5,7577,20,,4910,2465
1710,Sabrosa,1.623670213,0.050869285,41.86757535,0.523717536,120.3567036,1.900081566,0.030590263,5.411644116,0.045371051,-0.961325967,370.5,8166,21,,4642,2452
1711,Santa Marta de Penaguião,1.85342844,0.103433384,38.91728026,0.592528612,122.1827133,1.667626936,0.040675032,5.676148796,0.036228439,-0.088495575,266.75,7363,22,,4622,2777
1712,Valpaços,1.719526381,0.072106691,36.31819693,0.519590115,134.383164,1.923478261,0.030337333,5.435703919,0.039047748,-0.883449883,289.5,7414,51,2.21,13251,6900
1713,Vila Pouca de Aguiar,1.649492879,0.057833964,35.36491152,0.515827195,125.2414059,1.936391673,0.027115941,5.573387408,0.053551609,-1.278350515,434.25,8109,26,2.82,10031,5188
1714,Vila Real,1.974134266,0.116478314,31.90222989,0.636797013,136.9972733,1.562669306,0.097652206,5.555450684,0.058081844,1.547038328,708.25,12194,118,3.35,29943,19196
1801,Armamar,1.651150628,0.182277969,40.34884937,0.468136759,124.75119,2.127851916,0.023756345,5.410212029,0.033803681,1.305084746,275.5,8150,42,,4925,2323
1802,Carregal do Sal,1.658968059,0.154295121,39.92219492,0.561957498,122.2762387,1.771474019,0.039718225,5.468300479,0.04922621,-1.71875,448.5,9111,34,2.28,6672,3772
1803,Castro Daire,1.71645003,0.080114677,36.80920203,0.470016724,114.9015614,2.102997823,0.015948963,5.237610319,0.05179558,-1.111764706,393.75,7602,44,2.22,12540,5971
1804,Cinfães,1.64538419,0.076532369,39.72636816,0.622847796,107.1961842,1.601323408,0.06204757,5.016728882,0.044998535,-1.12394958,307.25,6828,76,2.31,11604,7254
1805,Lamego,1.875786417,0.133585689,40.20261332,0.597350266,124.7365998,1.661998985,0.076664013,5.350040917,0.052029188,-1.628712871,520.5,10004,89,2.41,16331,9855
1806,Mangualde,1.939382173,0.203362751,40.08559841,0.566722459,130.0739744,1.714583877,0.061704883,5.584263618,0.042768511,1.189591078,420.5,9832,69,2.35,13127,7666
1807,Moimenta da Beira,1.745035971,0.080793854,36.66625899,0.48822023,130.1196109,2.029098467,0.037820513,5.434542587,0.03768716,-1.651515152,332.25,8816,66,,7800,3849
1808,Mortágua,1.751172862,0.143877721,34.64146518,0.612227945,139.8097826,1.595282269,0.037924152,5.943206522,0.056787083,-2.984375,518.75,9135,43,2.3,6012,3773
1809,Nelas,1.765139227,0.156869446,38.64132198,0.611414901,136.9715675,1.619856062,0.053695876,5.419940142,0.04925187,-1.018518519,474,9624,42,2.38,8753,5419
1810,Oliveira de Frades,1.744589628,0.085578447,37.33329931,0.633738334,132.3553949,1.565325248,0.044275886,5.591768632,0.054890433,5.690909091,513.5,9355,28,2.59,5669,3628
1811,Penalva do Castelo,1.834957132,0.138114453,35.73236555,0.557226706,119.0711462,1.785199738,0.022597832,5.483530962,0.025700365,-1.341935484,211,8210,41,,5443,3054
1812,Penedono,1.776090343,0.095400988,37.25350467,0.444697834,131.7521368,2.244880546,0.016362253,5.557264957,0.021932065,-11.84615385,171.75,7831,8,,2628,1172
1813,Resende,1.724876561,0.113532419,39.14805402,0.546408394,107.7278325,1.826535627,0.03034799,5.224384236,0.040851034,-1.8,294.25,7203,57,,7414,4070
1814,Santa Comba Dão,1.781939695,0.154735062,36.43573205,0.619363021,127.3581681,1.594248483,0.047840813,5.626110731,0.041958225,-0.584070796,401.75,9575,41,2.79,7086,4451
1815,São João da Pesqueira,1.760136415,0.111071172,38.45575976,0.537023724,122.764568,1.847277556,0.042468958,5.395847287,0.032939956,-0.341176471,254,7711,34,,5557,3012
1816,São Pedro do Sul,1.767592057,0.120133768,37.44423559,0.545361002,118.007874,1.82019666,0.039398652,5.521889764,0.050632216,-0.754189944,460.5,9095,40,2.83,11574,6407
1817,Sátão,1.841880342,0.162918326,32.07039411,0.490046271,140.8414204,2.039280228,0.021872643,5.813409793,0.050017367,-0.911330049,432,8637,44,1.77,9281,4557
1818,Sernancelhe,1.704607978,0.096256684,35.63525906,0.491087344,130.0113636,2.034451496,0.020531131,5.501363636,0.035040431,1.191666667,273,7791,22,,4481,2206
1819,Tabuaço,1.717169318,0.128158845,37.28104963,0.548285199,116.2371134,1.822368421,0.046359114,5.36742268,0.037299831,0.26300578,286.5,7681,19,,4422,2432
1820,Tarouca,1.722522966,0.227986742,40.99606299,0.42974492,125.1341382,2.319184492,0.027557351,5.408450704,0.056305517,-24.5,481.75,8556,30,2.11,6931,2992
1821,Tondela,1.828362322,0.126956325,38.35172709,0.619131024,128.5270752,1.603460772,0.036213433,5.621952333,0.051466723,0.184971098,489.5,9511,75,3.02,17673,11038
1822,Vila Nova de Paiva,1.900409441,0.108323831,34.98410405,0.441961231,131.3209494,2.255658436,0.024668799,5.492260062,0.042560801,-10.76,357,8388,29,,4378,1944
1823,Viseu,2.012696904,0.123023788,30.53579576,0.675772015,132.5081424,1.461297636,0.112282649,5.49519665,0.060249816,1.306082725,738,12249,324,3.34,54060,37052
1824,Vouzela,1.706365185,0.142644431,39.88345981,0.574002382,125.4556105,1.730036064,0.025805489,5.554282739,0.037537125,-0.117647059,341.25,9091,36,,6704,3882
3101,Calheta (R.A.M.),1.722430716,0.175551597,32.60580254,0.58421269,122.2026742,1.698556797,0.034849952,5.173586676,0.086890244,4.620689655,798,9184,40,,7231,4296
3102,Câmara de Lobos,1.911764706,0.114510097,34.46113965,0.780478684,103.2422062,1.278202677,0.115528601,4.691127098,0.099024801,1.547619048,822.5,8306,45,3.81,13356,10460
3103,Funchal,2.011899877,0.13834523,40.09990083,0.75650472,115.3031957,1.307640196,0.189919495,4.550854126,0.092313613,0.287511231,1259.25,13641,111,5.85,51922,39855
3104,Machico,1.769271445,0.131275304,31.25757932,0.734817814,118.0878909,1.359757776,0.043341454,4.87532718,0.084016173,5.473684211,779.25,9275,43,3.69,9852,7266
3105,Ponta do Sol,1.80085827,0.11837343,38.05254001,0.65978284,112.5887669,1.513208763,0.04508547,4.756294383,0.086124795,2.311111111,786.75,9135,58,,4680,3104
3106,Porto Moniz,1.81349424,0.16573177,28.09983544,0.537990821,119.2417062,1.851746931,0.041559774,5.060663507,0.053233612,2.740740741,484,9092,2,,1949,1059
3107,Ribeira Brava,2.001887412,0.158788234,36.21582143,0.661056637,110.9278122,1.505397665,0.029955947,4.76129318,0.078104994,0.926553672,732,9372,20,,6810,4539
3108,Santa Cruz,1.947590361,0.129273981,29.85895582,0.739963277,120.8459113,1.346451958,0.061025386,4.625813376,0.074632476,0.423703704,893.5,11972,73,4.46,20090,14966
3109,Santana,1.648645767,0.088506454,34.09383664,0.609301373,107.4840229,1.640672269,0.021039604,5.229061554,0.051540141,-0.12585034,425,8246,21,,4848,2975
3110,São Vicente,1.612115732,0.134343434,31.06871609,0.55530303,119.315598,1.797548797,0.020532319,5.154615734,0.084021194,0.852631579,753.25,8965,15,10.03,3945,2203
3201,Porto Santo,1.574939565,0.159661997,23.51128122,0.450744941,134.3889164,2.141428571,0.061675978,4.685304305,0.075480134,1.292307692,970.75,12861,21,,4475,2100
4101,Vila do Porto,1.533903134,0.141629712,38.97849003,0.549889135,112.0890238,1.805805806,0.100389321,5.168942843,0.027104475,0.333333333,371.25,13697,22,,3596,1998
4201,Lagoa (R.A.A),1.666666667,0.092922104,35.67759914,0.820086991,131.0900531,1.154794521,0.101030111,5.367455336,0.065601941,2.462264151,649,9893,26,3.7,5048,4380
4202,Nordeste,1.551073279,0.128843338,46.15858623,0.640556369,130.1714286,1.548752834,0.063538973,5.264571429,0.041161436,0.988235294,346.25,8412,5,,2707,1764
4203,Ponta Delgada,1.750575119,0.149341503,39.81850557,0.781040918,134.20084,1.262189431,0.10300975,5.436726583,0.060351188,0.591893781,818,13554,132,3.94,28308,22499
4204,Povoação,1.569078014,0.091638981,46.42,0.580011074,119.0186246,1.715099715,0.069760978,5.357688634,0.068256268,-0.636363636,541.75,7937,9,,3598,2106
4205,Ribeira Grande,1.553597157,0.119782376,36.88430506,0.797984303,127.6792706,1.247024803,0.094238499,5.347689898,0.060226911,0.806499261,568,9431,114,3.1,11195,8991
4206,Vila Franca do Campo,1.685274059,0.113207547,39.14700682,0.772629568,115.9287926,1.289497998,0.087685673,5.277708978,0.07154586,0.989583333,610,8526,37,,4174,3247
4301,Angra do Heroísmo,1.671965533,0.130866005,32.29018719,0.799840245,131.8293495,1.231898319,0.136931401,5.678770717,0.048693492,1.134078212,607.5,12476,97,3.18,14971,12195
4302,Vila da Praia da Vitória,1.583116736,0.107584329,41.40213583,0.75487115,131.4402892,1.303564113,0.101112978,5.710134853,0.063877458,1.308108108,698.5,10935,82,3.98,9524,7323
4401,Santa Cruz da Graciosa,1.54972973,0.104503871,49.88234234,0.577410274,125.6261454,1.71411339,0.059384942,5.511912034,0.034589892,-1.016393443,334,9656,20,,2829,1658
4501,Calheta (R.A.A.),1.57827957,0.106231702,34.02817204,0.584274362,111.095204,1.701779359,0.051131601,5.217609162,0.038454831,1.37037037,330.75,8601,16,,2386,1405
4502,Velas,1.605133615,0.140876854,45.66877637,0.642166344,112.5565043,1.544820717,0.072656503,5.23556002,0.031404127,9.263157895,312,9935,12,,3083,2008
4601,Lajes do Pico,1.566997122,0.1121875,33.56236009,0.521875,130.1796407,1.913875598,0.028867273,5.741916168,0.018697855,-10.4,188.25,10068,15,,3187,1672
4602,Madalena,1.52883058,0.099212598,27.37738905,0.659212598,137.6254181,1.491310474,0.061986085,5.56043956,0.035008005,1.854251012,371.75,10619,31,5.23,3162,2129
4603,São Roque do Pico,1.559830961,0.096647801,32.74243772,0.53330431,132.0581015,1.850926672,0.052933392,5.628477905,0.031506407,0.564516129,341.75,10847,13,,2267,1241
4701,Horta,1.608189856,0.088644998,29.69466418,0.758829323,127.3069068,1.304276014,0.095055957,5.317675455,0.053779646,1.58490566,678,12607,19,2.62,7059,5449
4801,Lajes das Flores,1.544399596,0.104581673,52.64682139,0.565737052,113.2482394,1.676126878,0.057114228,5.248239437,0.033548815,5.5,337.3333333,10055,7,,998,599
4802,Santa Cruz das Flores,1.548824593,0.132591959,45.37567812,0.71257485,114.1656663,1.351445087,0.096802074,5.133253301,0.038115552,-0.684210526,411,10783,4,,1157,865
4901,Corvo,1.522099448,0.067357513,71.54696133,0.797927461,106.9805195,1.037634409,0.142105263,5.051948052,0.008473221,-0.483870968,106,12510,0,,190,186
