GEOID,CONCELHO_DSG,Indice_Volumetria_2011_2021,Percentagem_Vagos_2011_2021,Idade_Media_Edif_2011_2021,Percentagem_Alojamento_Habitual_2011_2021,Dimensao_Alojamento_2011_2021,Alojamento_Por_Familia_2011_2021,Percentagem_Arrendamento_2011_2021,Numero_Divisoes_2011_2021,Indicador_Acessibilidade_Economica_2011_2021,Preco_Total_2016_2022,Rendimento_2017_2021,Construcao_2011_2021,Arrendamento_2017_2022,Numero_Alojamentos_Familiares_2011_2021,Numero_Familias_2011_2021
101,Águeda,1.016063854,1.001712747,1.213891836,1.017808222,1.000290079,0.98664473,1.397956983,1.022050961,1.590471976,1.487266553,0.93511019,0.436893204,1.364238411,1.013101967,1.025153269
102,Albergaria-a-Velha,1.006674198,0.805265713,1.201355181,1.041009041,0.989834747,0.972201836,1.462500499,1.01261987,1.670995259,1.626834382,0.97357212,0.357142857,1.32326284,1.016971173,1.044692133
103,Anadia,1.003274934,1.027105131,1.208091486,1.010139216,1.011912759,0.996946646,1.416760652,1.014358192,1.581984,1.473378509,0.931348546,0.316455696,1.281456954,0.997801612,0.998065051
104,Arouca,1.006121529,1.089434991,1.239830529,0.984643059,1.020952621,1.020671894,1.073162782,0.994763209,1.378401367,1.45844504,1.058069923,0.268817204,1.169329073,1.041717219,1.018622722
105,Aveiro,1.02474064,0.895773011,1.196121088,1.032334006,0.971357306,0.981950588,1.258971353,1.03352199,2.206398205,1.822084157,0.825818363,0.54109589,1.535714286,1.042223318,1.058666752
106,Castelo de Paiva,1.011071358,1.041350621,1.205396481,0.983823532,1.023619395,1.021941688,0.988240601,1.05042622,1.841473069,2.020936639,1.097456527,0.436363636,1.219230769,1.029098747,1.005919283
107,Espinho,1.043081592,0.87455652,1.177279485,1.029806731,0.972082047,0.976870763,1.108114626,1.033389303,1.321021443,1.096224117,0.829830682,1.772727273,1.481069042,1.017390201,1.040026629
108,Estarreja,1.003017162,1.035855513,1.190808443,1.017890955,1.001430655,0.99220398,1.270584369,1.013820323,1.587871613,1.524911032,0.96034908,0.615384615,1.333333333,1.015668849,1.022055764
109,Santa Maria da Feira,1.01063012,1.093930828,1.250429107,1.015025483,0.999643996,0.991652229,1.2099281,1.019301142,1.893481753,1.800720288,0.951010101,0.652173913,1.416918429,1.032799075,1.040908441
110,Ílhavo,1.004916294,0.908277772,1.236047982,1.0473486,0.979617187,0.96071938,1.257534106,1.011422117,1.882445859,1.66858458,0.886391804,1.106060606,1.531969309,1.029332726,1.070151401
111,Mealhada,0.993260082,1.170435936,1.235400956,0.983628076,1.010738311,1.033472643,1.33720314,1.008310842,1.490446446,1.411287048,0.946888807,0.743589744,1.269624573,1.025352668,0.989020925
112,Murtosa,1.006994087,1.421466338,1.2074133,1.041215877,0.994425978,0.964242258,1.619160695,1.015599897,1.567888319,1.576763485,1.005660579,1.294117647,1.38658147,1.019469489,1.056033359
113,Oliveira de Azeméis,1.01619438,0.968480198,1.232251448,1.011603893,1.01074465,0.991041576,1.150182374,1.020364212,1.76808144,1.640979955,0.928113334,0.510416667,1.319298246,1.02095549,1.029601189
114,Oliveira do Bairro,1.006015229,0.928230359,1.235723857,1.019090865,1.008192248,0.982616038,1.575265325,1.026643151,1.601391415,1.57809157,0.985450256,0.558441558,1.570921986,1.016184664,1.032609985
115,Ovar,1.011163427,0.742015239,1.216680858,1.04479086,0.990363138,0.959417534,1.240235939,1.013624533,1.861028901,1.708189952,0.917873959,0.220183486,1.400537634,1.029965784,1.072219375
116,São João da Madeira,1.040225286,0.776137924,1.182026812,1.085368937,0.936846104,0.930125042,1.279045617,1.012954136,2.113904755,1.808665809,0.855604203,1.076923077,1.377840909,1.0129957,1.087433671
117,Sever do Vouga,1.017341237,0.946162779,1.179769824,0.964500272,1.023295337,1.037687994,1.33556032,0.994888468,1.139976608,1.142521994,1.002232855,0.75,1.303149606,1.006515581,0.968450827
118,Vagos,1.006216544,1.830831826,1.227122052,1.023350309,1.007749685,0.991267007,1.692224507,1.009096315,1.812723321,1.809264305,0.998091805,0.308510638,1.532423208,1.050831429,1.0590876
119,Vale de Cambra,1.021828308,1.484107655,1.236104944,0.989878346,1.004562897,1.013082091,1.203198716,1.027466296,1.623125703,1.548290116,0.953894142,0.295454545,1.375,1.007180267,0.993167629
201,Aljustrel,0.999629891,1.082659385,1.228965869,0.979568464,1.002212837,1.018370371,1.3879146,1.018072958,1.530987735,1.392592593,0.909604022,0.555555556,,1.013776477,0.993606819
202,Almodôvar,1.003816315,1.114129509,1.201681156,0.918367739,1.006703909,1.094182835,1.163986143,1.051359399,1.247831197,1.163234555,0.932205067,0.47826087,,1.028002948,0.936239427
203,Alvito,1.003142743,1.362017528,1.231140669,0.928540429,1.037835755,1.128192335,1.104498867,1.020779288,1.834001952,1.725901639,0.941057692,0.714285714,,1.018561485,0.896585366
204,Barrancos,1.009046052,1.363668232,1.180765754,0.86460893,1.165586251,1.187896044,0.918790411,1.005122549,2.318110489,2.448979592,1.056455095,0.090909091,,0.994560995,0.830790569
205,Beja,0.998116649,1.356118303,1.178680555,0.960712606,0.966435392,1.044520331,1.112705969,1.012677527,1.718405011,1.436643836,0.836033308,0.24,1.281914894,1.006964828,0.961462311
206,Castro Verde,1.002928072,1.328710615,1.104437309,0.97045412,1.049896738,1.037530503,1.206373042,1.03620375,1.908771921,1.647364997,0.863049677,0.388888889,,1.012028204,0.973603017
207,Cuba,0.998308685,0.998627741,1.228220131,0.968366879,1.01503197,1.049446442,1.108935412,1.017867658,1.35379815,1.21657053,0.898635105,0.615384615,,0.976912929,0.926605505
208,Ferreira do Alentejo,1.006429158,1.301163244,1.158673703,0.94941828,0.979286404,1.056187646,1.20391496,1.015793069,1.089895563,1.041709054,0.955787948,0.714285714,1.018126888,1.012150434,0.955908818
209,Mértola,1.00417206,1.168189364,1.153823771,0.907445644,1.016831587,1.107061737,1.077375692,1.009949929,1.490725255,1.523277467,1.021836506,0.555555556,,1.023379384,0.921581128
210,Moura,1.010210495,1.210939811,1.185636679,0.937311033,0.994732446,1.058250018,1.013675714,1.021618696,1.302392432,1.275099263,0.979043808,0.2,1.207482993,0.978449087,0.922681296
211,Odemira,1.004667717,1.089673403,1.20748412,0.968974043,0.972229427,1.057795337,1.385551537,1.016906467,1.770628014,1.758333333,0.993056321,0.31884058,1.315656566,1.066717645,1.003256469
212,Ourique,0.998718234,0.580206982,1.17411858,0.921680017,1.054003936,1.08874907,0.9736474,1.024980022,1.504686869,1.413552882,0.939433247,0.181818182,,1.027065868,0.940641248
213,Serpa,1.005060833,1.656008135,1.138518276,0.927180627,1.016310425,1.088193496,1.112906236,1.000071118,1.860011648,1.836441894,0.987328179,0.388888889,,1.012649672,0.927801372
214,Vidigueira,1.005715572,1.178878287,1.183792383,0.9125913,1.001236504,1.101158435,1.32129032,1.055509367,1.379775648,1.366136035,0.990114628,3.333333333,,0.99871134,0.903239557
301,Amares,1.011207561,1.958142016,1.279143282,1.014538691,1.024621156,0.989569611,1.226989342,0.989105038,1.668218056,1.767824497,1.059708295,0.710144928,1.700440529,1.056332151,1.065132858
302,Barcelos,1.014895211,0.902723751,1.24277975,1.013227647,1.024383315,0.994300292,1.260432608,1.010244606,1.696450711,1.762128326,1.038714716,0.515151515,1.32218845,1.051926404,1.056685588
303,Braga,1.036935903,0.698277114,1.237699692,1.087642992,0.970804437,0.93001171,1.212754278,1.030286909,2.39251652,2.073265783,0.866562782,0.884875847,1.588390501,1.04866016,1.125433689
304,Cabeceiras de Basto,1.048326637,1.160873238,1.213581385,0.95701615,1.03149515,1.045100141,1.090037361,1.023649762,1.858658804,1.950091296,1.049192735,0.514285714,1.255230126,1.047491424,0.999288509
305,Celorico de Basto,1.009714297,0.983816057,1.192810197,0.949992289,1.046705936,1.051676787,1.066245944,1.011865899,1.330540827,1.453709028,1.092570037,0.46728972,1.046218487,1.027121198,0.975365098
306,Esposende,1.003933096,1.084953841,1.283462743,1.073920737,1.02731108,0.93964577,1.681733691,0.999598225,1.703070883,1.554475265,0.912748425,0.613496933,1.399477807,1.053657604,1.12005051
307,Fafe,1.01995791,0.958989705,1.256542906,0.995442149,1.020094063,1.007789202,0.971255949,1.038169135,1.493729265,1.535087719,1.027688048,0.449101796,1.280155642,1.045497781,1.03622616
308,Guimarães,1.023946567,0.843525895,1.214894031,1.028113545,0.998453906,0.976476029,1.024004672,1.047543013,1.774805669,1.689393939,0.951875442,0.598765432,1.3875,1.047110138,1.071147638
309,Póvoa de Lanhoso,1.011971276,1.186689914,1.248269813,1.019283126,1.034897284,0.982355973,1.105681601,1.016364823,1.525150391,1.676712329,1.099375077,0.1,1.415322581,1.063037737,1.079280752
310,Terras de Bouro,1.01568211,1.25967842,1.22397974,0.964300595,1.020299897,1.03837442,1.440792235,1.000536034,1.856421556,1.987066432,1.070374574,0.043478261,,1.009545549,0.960674157
311,Vieira do Minho,1.045450512,1.196214943,1.210104172,1.028984326,0.985350966,0.975154739,1.221993367,1.003274597,1.727427798,1.7408733,1.007783543,0.416666667,,0.997010836,1.017849174
312,Vila Nova de Famalicão,1.012656644,0.989797224,1.248331801,1.02880257,0.996910957,0.976101813,1.112653585,1.022576642,1.732589457,1.670588235,0.964214712,0.946153846,1.396396396,1.043465678,1.068124418
313,Vila Verde,1.009601734,1.165239858,1.249646596,0.985483892,1.025775916,1.017605429,1.26812554,1.005107893,1.76435903,1.942473634,1.10095144,0.46,1.53968254,1.065092617,1.044802983
314,Vizela,1.026143765,0.976321208,1.211776225,1.002782016,1.005501055,1.001331245,0.972700086,1.037577746,1.455025087,1.510522214,1.038141701,1.12195122,1.543726236,1.087480646,1.085314685
401,Alfândega da Fé,1.012631806,1.253179426,1.215398642,0.917524142,1.006108691,1.098977826,1.146372831,1.027714977,1.921268478,1.852104664,0.964000966,0.466666667,,1.00466805,0.912055336
402,Bragança,1.031658326,1.459266156,1.25265636,1.001024454,0.975055758,1.000324248,1.213239678,1.01059608,1.836448499,1.578458682,0.859516987,0.5875,1.063909774,1.037607941,1.033393567
403,Carrazeda de Ansiães,1.000223506,1.092531675,1.17772965,0.891509919,0.990541724,1.117955131,1.053717164,1.013522537,2.083860049,1.991724138,0.955785961,0.153846154,,1.003562723,0.896500372
404,Freixo de Espada à Cinta,1.020784384,2.643269045,1.170479655,0.874421618,1.083570119,1.14810077,0.984608011,1.053221714,1.752236014,1.74863388,0.997944267,0.058823529,,1.021642266,0.883387622
405,Macedo de Cavaleiros,1.019187135,1.054379542,1.214004739,0.969159188,0.989778989,1.033444862,1.18076459,1.014291001,1.689387464,1.528205128,0.904591265,0.282051282,1.261904762,1.010634648,0.975251477
406,Miranda do Douro,1.004861008,1.549740434,1.27010545,0.886261388,1.038612454,1.128841014,1.128113103,0.996602146,1.335419131,1.280858676,0.959143566,0.56,,1.040994014,0.91685761
407,Mirandela,1.02159122,1.241526004,1.224651505,0.930041647,0.985991181,1.082140201,1.084138041,1.022798405,1.430014724,1.338461538,0.935977451,0.342857143,1.05019305,1.036334275,0.955741755
408,Mogadouro,1.024728312,1.434132084,1.228534129,0.905409407,0.990610214,1.105475157,1.108459769,1.008691922,1.988283728,1.904328018,0.957774799,0.103448276,,1.020467836,0.920284336
409,Torre de Moncorvo,1.006959111,0.98066129,1.204803745,0.864104085,0.955741735,1.167789198,0.894240574,1.017258421,1.463071891,1.40806293,0.962401732,0.294117647,,0.999179094,0.853397539
410,Vila Flor,1.039496567,1.227692928,1.191859174,0.936681772,1.018801118,1.072306834,1.050972272,1.042327634,1.112660631,1.067692308,0.95958486,0.0625,,1.022640061,0.950036738
411,Vimioso,0.995703617,1.580692563,1.258858883,0.941248689,0.9746126,1.062942252,1.140423411,0.992849936,1.746297241,1.735357918,0.993735694,0.227272727,,1.031608573,0.967380224
412,Vinhais,1.00054783,1.826311816,1.22966964,0.884692054,1.034067165,1.13114832,0.877607791,1.024389647,1.522646576,1.525,1.001545595,0.578947368,,1.032636702,0.909525073
501,Belmonte,1.006567708,1.231152655,1.257305384,0.9304781,1.009869967,1.079428267,1.022257573,1.011588476,1.250457744,1.259585167,1.00729927,0.111111111,1.53125,1.031047078,0.953437614
502,Castelo Branco,1.008042499,1.284992978,1.206852328,0.951410532,0.989705225,1.060000967,1.084860519,1.008093975,1.622506586,1.42079689,0.875680201,0.6,1.204081633,1.034189373,0.973971778
503,Covilhã,1.012509607,1.043487933,1.209697079,0.95121523,0.98866484,1.056742,1.036244631,1.024270748,1.529076607,1.370419426,0.896239886,0.827586207,1.351535836,1.011610412,0.955230914
504,Fundão,1.022158474,1.025517352,1.23449283,0.949687236,0.991705843,1.057277307,1.041878786,1.004029645,1.225679263,1.219298246,0.99479388,0.494117647,1.151202749,1.02249591,0.964735306
505,Idanha-a-Nova,1.013767419,1.406850383,1.189364434,0.840625574,1.012410992,1.193471802,1.435788663,0.997497617,1.368323757,1.388209121,1.014532643,0.703703704,,1.042585551,0.871438341
506,Oleiros,0.996384957,1.400155307,1.223609717,0.912774808,1.050910168,1.09866028,1.345237143,0.996940333,1.509350818,1.5463138,1.024489308,0.25,,1.014472362,0.920596534
507,Penamacor,0.999938565,1.279429476,1.214805085,0.844606112,1.002111996,1.186085907,1.461864455,0.972034241,1.170190556,1.191780822,1.018450185,0.285714286,,1.048888889,0.882974707
508,Proença-a-Nova,1.023427761,1.096423111,1.239217051,0.892194079,1.005392106,1.125080762,1.321244643,0.991153811,1.644594385,1.63902439,0.996613132,0.307692308,,1.043242381,0.925487877
509,Sertã,1.009075397,1.163913169,1.19700998,0.974083751,1.023341826,1.035521236,1.412672373,0.980901449,1.504492501,1.554987212,1.033562619,0.115942029,1.286245353,1.009029345,0.973684211
510,Vila de Rei,1.006313545,0.888885453,1.19830399,0.954230064,1.026708713,1.049521526,1.80512754,0.997868284,1.388944983,1.457261411,1.049185851,1.181818182,,1.024018945,0.971428571
511,Vila Velha de Ródão,1.002023712,1.783099634,1.205593567,0.902364686,1.01879534,1.112847607,1.71155656,0.993644218,0.838227873,0.818181818,0.976085209,0.666666667,,1.040469208,0.931410256
601,Arganil,1.008907746,1.018689601,1.174176753,0.957518151,1.020524838,1.053140738,1.245239963,1.004208172,1.157213927,1.234986945,1.067207144,0.121212121,1.238683128,0.993497573,0.941813804
602,Cantanhede,1.007737735,0.952100922,1.202880357,0.985003273,1.025070843,1.028945804,1.319140984,1.004985484,1.386298469,1.333333333,0.96179385,0.773584906,1.4,1.023658845,0.993555861
603,Coimbra,1.025933261,1.308980494,1.210869844,1.01555677,0.967304874,0.998291369,1.156626605,1.03254844,2.044165835,1.552963136,0.759705067,0.170807453,1.298989899,1.033375815,1.032460715
604,Condeixa-a-Nova,1.017752118,0.914722315,1.197002281,1.033577044,0.996199852,0.975148526,1.377429429,1.003415795,1.717674916,1.584962406,0.922737123,0.558139535,1.358490566,0.987983035,1.011969358
605,Figueira da Foz,1.01397775,1.110161852,1.231449912,0.994643625,0.9878715,1.011775291,1.228506935,1.017976671,1.697711056,1.462027231,0.86117553,0.353383459,1.434666667,1.020198982,1.006462696
606,Góis,1.002010306,0.889553462,1.150309576,0.942079662,1.017225752,1.063159203,1.083223229,1.010977337,2.458584753,2.624390244,1.06743941,0.25,,0.975425697,0.916060436
607,Lousã,1.0287845,0.856396563,1.12194409,1.042687104,0.992562233,0.967378054,1.324039621,1.01673259,1.715404996,1.656174334,0.965471321,0.961538462,1.390151515,0.989124267,1.021224015
608,Mira,1.007086162,1.120685134,1.215361398,1.028312002,1.016789932,0.980391358,1.740838967,0.986566488,1.742889993,1.63655244,0.938987798,0.310344828,0.963190184,1.028342432,1.046600297
609,Miranda do Corvo,1.033702935,1.079059912,1.18589459,0.99275501,1.017724683,1.009132012,1.56744939,1.003422735,1.323083281,1.338196978,1.011423081,0.8,1.342105263,0.986150713,0.975240434
610,Montemor-o-Velho,0.998603705,0.97246239,1.212025777,0.983188095,1.027805437,1.039503773,1.50782897,1.009112181,1.328138507,1.31147541,0.987453803,0.325,1.311418685,1.007492054,0.968398663
611,Oliveira do Hospital,0.999880932,0.990582999,1.205416189,0.975303959,1.024413637,1.033854437,1.069512214,1.009081883,1.592905342,1.680973735,1.05528791,0.196969697,1.162601626,1.017757966,0.982205514
612,Pampilhosa da Serra,1.084583537,1.252487096,1.287050524,0.970443096,0.997458076,1.034512806,1.17718708,0.984380781,1.39149556,1.48,1.063603832,0.227272727,,0.98939742,0.952686052
613,Penacova,0.998845758,1.445063587,1.206511116,0.931833923,1.022481914,1.107848382,1.080702193,0.985684873,1.619498486,1.736526946,1.072262171,0.12195122,,1.004075273,0.90481082
614,Penela,1.002876989,0.815953882,1.148249992,1.033939834,1.064179204,0.972906977,1.850672965,1.001086973,1.472819112,1.549065421,1.051768961,0.166666667,,0.928905917,0.952138924
615,Soure,1.011223199,1.126921904,1.16641065,0.98858187,1.027195633,1.021629451,1.690841543,1.00416567,1.356346285,1.332005973,0.982054515,0.538461538,1.169611307,0.959061834,0.93715847
616,Tábua,1.023521478,0.991387608,1.190152656,1.000092997,1.009442321,1.002754249,1.240724226,1.005118565,1.703082475,1.804331591,1.059450497,0.075,1.229323308,0.995761256,0.9914361
617,Vila Nova de Poiares,0.999032492,0.884969071,1.228138607,1.053704785,1.008658893,0.956691136,1.516138359,0.979540173,1.312713186,1.368530021,1.042520208,0.538461538,1.432653061,0.973002634,1.015267176
701,Alandroal,1.00813622,1.076816261,1.205297614,0.920729447,1.018297292,1.074542757,1.050584908,0.994847307,1.560122181,1.671061763,1.071109544,0.272727273,,0.987769624,0.915581688
702,Arraiolos,1.002461584,1.034090778,1.183922468,0.93466693,1.01216768,1.075561714,0.982412187,1.026408567,1.381095924,1.351006382,0.978213291,0.206896552,,1.00422119,0.930333333
703,Borba,1.007034727,1.205147446,1.173724912,0.906915259,1.026108987,1.10824207,0.85472483,1.048469438,1.289926785,1.285938317,0.996907986,0.291666667,0.97037037,1.009843938,0.908159781
704,Estremoz,1.009025824,1.158609311,1.132648587,0.946333318,0.972180926,1.069341218,1.013907676,1.031155553,1.599521108,1.508266667,0.9429489,0.555555556,1.172535211,0.987149779,0.919844094
705,Évora,1.002300297,1.170676041,1.201268953,0.97830159,0.974252005,1.035032315,1.004616392,1.04440228,2.025823335,1.704456607,0.841364882,0.468468468,1.291404612,1.019894535,0.981777466
706,Montemor-o-Novo,1.001602552,1.389870142,1.196163867,0.942727293,1.014951594,1.066299379,0.956879023,1.069131324,1.724533968,1.563485477,0.906613338,0.708333333,1.152737752,1.005327909,0.938908575
707,Mora,1.007037326,0.880264762,1.215982845,0.902315574,0.999025079,1.114743925,0.983383227,1.050728539,1.334721175,1.303703704,0.976761075,0.285714286,,0.986082474,0.880271449
708,Mourão,1.015176922,0.998298185,1.241508144,0.902998457,1.062001935,1.073639279,1.03076233,1.017001652,1.909339197,2.150105708,1.126099384,2.333333333,,0.998972251,0.925224327
709,Portel,1.003863015,0.888068653,1.143079442,0.936456511,1.024472033,1.081186683,1.181738784,1.018602079,1.358561719,1.483584738,1.092026018,0.818181818,,0.995541999,0.917342603
710,Redondo,1.009501524,1.400058668,1.133667696,0.939458429,1.023753184,1.065055297,1.0226747,1.028914907,1.299002911,1.330149254,1.023977123,0.206896552,,1.002857771,0.939124244
711,Reguengos de Monsaraz,1.008517505,1.872435002,1.168113077,0.95385142,0.994132798,1.054418616,1.113326661,1.00274587,1.794257886,1.705329154,0.950437028,0.833333333,1.389705882,1.031127796,0.972435283
712,Vendas Novas,0.992259573,1.020683384,1.214052138,1.000564293,0.994724785,1.00690961,1.121997316,0.979540173,1.312713186,1.368530021,1.042520208,0.538461538,1.432653061,1.000311721,0.990668081
713,Viana do Alentejo,1.005413789,1.294117641,1.203798136,0.968992248,0.982142186,1.04090268,1.23166704,0.995385519,1.526115542,1.455744915,0.953889055,0.4,,1.004201681,0.960704607
714,Vila Viçosa,1.017070299,1.00365338,1.197343098,0.953164556,1.054576285,1.052902478,1.0309174,1.066590212,1.112053907,1.053609118,0.947444274,0.388888889,1.329004329,1.012804366,0.95829583
801,Albufeira,1.011338527,1.070420083,1.32456593,1.077619125,0.940249386,0.957042764,1.226650268,1.045422383,2.127853798,1.857326242,0.872863654,0.712643678,1.422145329,1.057751402,1.090621194
802,Alcoutim,0.997393468,1.226642498,1.215296431,0.870311491,1.019872373,1.146511521,2.642718386,1.0227787,1.066562705,1.137211855,1.066240036,0.428571429,,1.027080958,0.893538913
803,Aljezur,1.000235023,1.159450422,1.28475858,0.999277339,0.954515141,0.99512568,1.57925932,1.035343199,2.088546984,2.058041112,0.985393734,0.238095238,1.00678733,1.013614704,1.009815025
804,Castro Marim,1.009353554,1.132276966,1.338952165,0.982008948,1.001508946,1.036700563,1.234939574,1.049158821,1.805236292,1.784282819,0.988392951,0.516129032,1.419753086,1.021765128,0.983711048
805,Faro,1.010976727,0.820379483,1.150736341,1.055693689,0.94441342,0.964993171,1.141106044,1.040941368,2.839404406,2.265495609,0.797877046,0.055555556,1.425403226,1.018986175,1.053399681
806,Lagoa,0.997712954,1.039196468,1.280528969,1.02056488,0.975650786,0.99273887,1.090689212,1.025672356,1.952673614,1.774301676,0.908652455,0.9375,1.479481641,0.85825621,0.719277377
807,Lagos,1.033193474,0.852646082,1.251593235,1.097026953,0.971045693,0.91781607,1.191081894,1.023972957,2.044301964,1.811601556,0.886171214,0.764705882,1.640151515,1.035701073,1.124074222
808,Loulé,1.014867066,0.883209787,1.265221803,1.040237741,0.970236829,0.982196849,1.187596235,1.0434203,2.121103092,1.844106464,0.869409166,0.287581699,1.4875,1.022463525,1.039081755
809,Monchique,1.00767572,1.1898762,1.113210019,0.939272049,1.01229735,1.054854227,1.186470557,1.011056564,2.406088434,2.445664105,1.016448125,0.208333333,,1.024411508,0.969028262
810,Olhão,1.013550703,0.876381684,1.162976219,0.999032543,0.969909231,1.006069682,1.057785738,1.023642756,2.048048901,1.913175933,0.934145634,1.03125,1.528117359,1.028636797,1.021029362
811,Portimão,1.019404589,0.861842609,1.235729443,1.076176304,0.95464091,0.945815639,1.222820644,1.021043796,2.272560276,1.94010929,0.853710815,0.179104478,1.610547667,1.052382677,1.10941073
812,São Brás de Alportel,1.023336657,0.80602647,1.193532289,1.052930346,0.956664493,0.963982905,1.260250687,1.017450784,2.451725288,2.192601651,0.894309676,1.285714286,1.414492754,1.048308443,1.085160989
813,Silves,1.005934523,0.895247887,1.201770567,1.029775895,0.963106746,0.978410404,1.269989822,1.02378858,1.925150061,1.798500469,0.934213138,0.367088608,1.497716895,1.030407273,1.051239228
814,Tavira,1.020483139,0.76857122,1.214310881,1.094508665,0.985372576,0.922581027,1.244749112,1.021190052,2.155612353,1.944184152,0.901917333,0.662162162,1.620967742,1.012207166,1.094595869
815,Vila do Bispo,1.02536636,1.129426517,1.369731101,1.088022345,0.994895962,0.897715672,1.300146809,1.036931435,2.015337197,1.843911793,0.914939593,0.449275362,,1.015077079,1.116360455
816,Vila Real de Santo António,1.024630394,0.891165301,1.248776836,1.000747327,0.913349917,1.027743361,1.23090236,0.992278465,1.675961474,1.600487706,0.954966887,0.471428571,1.437984496,1.057834395,1.027237354
901,Aguiar da Beira,1.013819324,1.308609139,1.218070751,0.973100868,1.040852084,1.029593608,1.198525771,1.025543921,0.849751358,0.937931034,1.103771165,0.290322581,,1.031570316,0.999052582
902,Almeida,1.00075307,1.636162763,1.242580674,0.862231487,1.000379692,1.167334086,0.988577361,1.009356614,0.976990625,0.950050968,0.972425901,0.055555556,,1.011554622,0.862023653
903,Celorico da Beira,1.002213505,1.050066055,1.195801516,0.925642751,1.024385016,1.082005159,0.9427267,1.021251679,1.689715989,1.787439614,1.057834337,0.25,,1.001587302,0.920417482
904,Figueira de Castelo Rodrigo,0.995640931,1.074994221,1.229397933,0.860431829,1.015404731,1.167783487,1.000037449,1.012280191,1.577089431,1.564154786,0.991798407,0.846153846,,1.011658031,0.863111819
905,Fornos de Algodres,1.00469991,1.079888527,1.170197523,0.950457828,0.985936748,1.056282366,0.887135758,1.004022072,0.743960589,0.764912281,1.028162348,1.416666667,,0.983189122,0.927819549
906,Gouveia,0.977346915,1.094649142,1.20482715,0.92804623,1.033720334,1.0796828,0.929223786,1.030742856,1.873228834,1.871766029,0.999219099,0.472222222,1.216,0.998659158,0.919204365
907,Guarda,1.016372039,1.024846899,1.23041926,0.987496653,0.975483557,1.020002818,1.179538419,1.023503681,1.434502912,1.27249467,0.887063141,0.049382716,1.206896552,1.021972094,0.998841605
908,Manteigas,1.025602622,1.314508014,1.259644546,0.909076168,0.997062645,1.103114399,1.100409448,1.007779376,1.053072351,1.035360679,0.983180946,0.333333333,,1.057241644,0.951833214
909,Meda,1.000827359,0.985844697,1.208121651,0.911874399,0.994897059,1.100999578,1.071070934,1.028662765,0.94429155,0.963954686,1.020823186,0.290322581,,1.022846745,0.926207513
910,Pinhel,0.999640667,1.149856526,1.240255315,0.91165448,1.052389892,1.099981719,1.150177971,1.028321815,1.201828132,1.235087719,1.027674167,0.363636364,,0.995696545,0.904193139
911,Sabugal,1.000187048,1.972192567,1.257899131,0.924806526,0.986978795,1.08409466,0.900532331,1.006170205,0.977048966,0.982630273,1.005712403,0.035714286,,1.020417482,0.938568476
912,Seia,0.997756401,1.066154673,1.178239028,0.965294783,0.980175662,1.04064076,1.114369445,1.002349262,1.581728768,1.574879227,0.99566959,0.271428571,1.225806452,0.995651683,0.949901666
913,Trancoso,1.002466094,1.068616192,1.183244819,0.91069501,0.993854304,1.099179794,0.879044763,1.011181156,1.261620987,1.304347826,1.033866636,0.516129032,,1.024258436,0.929606099
914,Vila Nova de Foz Côa,1.00560528,1.295413438,1.227217506,0.930964873,1.006285946,1.07522072,1.003952733,1.048294721,1.323435944,1.259259259,0.951507509,0.115384615,,1.004160888,0.931900826
1001,Alcobaça,1.011787467,0.990320229,1.20825401,1.007209875,0.996887116,0.999262902,1.284135186,1.001684966,1.622789858,1.529073941,0.942250121,0.74789916,1.386503067,1.024404332,1.023416104
1002,Alvaiázere,0.998103278,1.552690035,1.217194771,0.915609788,1.037373466,1.094571678,1.24264141,1.007816493,0.95847042,0.989381636,1.032250553,0.388888889,,0.999825236,0.912164402
1003,Ansião,0.997357226,1.20231996,1.179923771,0.933399218,0.982085696,1.080975415,1.381176851,1.00597163,1.289629219,1.332616873,1.033333333,0.302325581,1.181818182,1.012451085,0.934613892
1004,Batalha,1.016398422,1.02047797,1.222003697,1.011498212,1.010117309,0.997667918,1.619208619,1.017107988,1.631053487,1.615814353,0.990656879,0.391304348,1.738181818,1.016914587,1.017095436
1005,Bombarral,1.014988331,1.11457987,1.165724043,1.017806535,0.986150098,0.994159881,1.276756897,1.013362484,1.913733304,1.821819914,0.951971689,1.214285714,1.395759717,1.006853583,1.011130301
1006,Caldas da Rainha,1.006548472,0.960336732,1.20477798,1.026422461,0.980924625,0.981148176,1.252318657,1.020986061,2.130556137,1.869026549,0.877248201,1.3875,1.493188011,1.02182065,1.037128954
1007,Castanheira de Pêra,0.99941444,1.398190529,1.176021513,0.914334391,1.068516931,1.111677457,1.030264824,1.009241808,1.151545605,1.188208617,1.031838087,0.9,,0.987854251,0.884384384
1008,Figueiró dos Vinhos,1.014039066,1.072138999,1.218697667,0.916345317,1.023738542,1.096948826,1.259483854,0.996346969,1.349796615,1.354289456,1.003328525,0.421052632,,1.007410457,0.91592406
1009,Leiria,1.022970554,0.885521,1.222176648,1.027687053,0.977859459,0.98414948,1.485787603,1.011826825,1.958335308,1.759435626,0.898434298,1.180451128,1.403141361,1.044977043,1.060074604
1010,Marinha Grande,1.010395427,0.870747462,1.226735186,1.046872535,0.981501143,0.961666931,1.261981909,1.008683144,1.990870388,1.739207833,0.87359169,0.733333333,1.375,1.004146919,1.042510514
1011,Nazaré,1.014661819,0.846866935,1.205246872,0.997437926,0.980845526,1.005632343,1.103586346,1.019727903,1.953726128,1.869532617,0.95690619,0.529411765,1.558073654,1.046573672,1.038416569
1012,Óbidos,1.000324227,0.850624752,1.273820708,1.043042783,1.02287051,0.975770922,1.25837518,1.02720255,1.62050504,1.492619926,0.921083172,0.189189189,1.35755814,1.02578924,1.047650131
1013,Pedrógão Grande,0.997952754,0.994039211,1.158439664,0.947831195,1.056167387,1.065795981,1.635499281,1.005763492,1.269709961,1.337039611,1.053027589,0.277777778,,0.975382932,0.913669065
1014,Peniche,1.013805303,1.036379595,1.245486205,0.990100249,0.982380621,1.012606068,1.024432012,1.032246491,1.895518644,1.752299203,0.924443136,0.666666667,1.406077348,1.018901805,1.003372528
1015,Pombal,1.011768825,1.084285866,1.211223259,0.997378502,1.037466243,1.01033685,1.440591749,1.00942202,1.538918457,1.546547884,1.004957653,0.312101911,1.291666667,0.994629651,0.982895915
1016,Porto de Mós,0.999767425,1.258113899,1.219790235,1.000286348,0.991703999,1.019678405,1.314030954,1.018701181,1.463202851,1.437347635,0.982329714,1.071428571,1.358565737,1.014128849,0.99272805
1101,Alenquer,1.012285754,0.869939986,1.211501051,1.051307609,1.008954753,0.970637566,1.351763321,1.031942123,2.164566484,2.00862069,0.927955172,0.207317073,1.503816794,1.002165881,1.031343284
1102,Arruda dos Vinhos,1.004054321,0.831741431,1.14616102,1.068345166,1.010228003,0.950779661,1.314755314,1.046388875,2.286106019,1.968707483,0.86116194,0.625,1.583554377,0.999701715,1.049732514
1103,Azambuja,1.002735019,1.054446387,1.209063048,1.022259033,1.012485299,0.985655965,1.33592537,1.021448293,1.773518962,1.699690402,0.958371707,0.2,1.557065217,1.006376909,1.01939734
1104,Cadaval,1.004388227,1.534902122,1.209766022,0.978789764,1.020845343,1.02829307,1.297846196,1.015704485,1.625453822,1.594299287,0.980833333,0.481481481,1.352739726,1.008458109,0.979032258
1105,Cascais,1.02893432,0.807982213,1.262491579,1.047652465,0.97372291,0.961296082,1.139578764,1.045105351,3.069741301,2.115425613,0.689121784,0.284552846,1.560794045,1.014321364,1.053488117
1106,Lisboa,1.053429194,0.963601671,1.117455542,1.032836185,0.972823615,0.992281163,1.031302391,1.048112064,2.799944549,1.964734238,0.701704694,0.348739496,1.338877339,0.989671161,0.994583668
1107,Loures,0.997400669,0.879702477,1.223109576,1.039849979,0.96669646,0.971404658,1.109585278,1.046386322,2.206199146,1.947142534,0.88257787,0.761904762,1.472413793,0.98716528,1.015385763
1108,Lourinhã,1.00804239,0.955219875,1.248935088,1.039827185,1.011596139,0.980981267,1.401510534,1.020852193,1.830801142,1.683372054,0.919472914,0.597938144,1.483870968,1.043792193,1.062344882
1109,Mafra,1.027499842,0.788009288,1.223845191,1.109235563,0.982622596,0.909259939,1.369664118,1.033591893,2.600426603,2.178844632,0.837879682,1.064356436,1.581395349,1.046811983,1.149617475
1110,Oeiras,1.036173572,0.949556504,1.251666847,1.021752084,0.947343642,0.986988714,1.119562627,1.041261838,3.040315242,2.26490566,0.74495751,1.733333333,1.448979592,1.008110997,1.020144166
1111,Sintra,1.02215305,0.731290616,1.223718504,1.064890214,0.957160417,0.947463751,1.261374393,1.018589294,2.807312322,2.366894754,0.843117719,0.939516129,1.532319392,1.008019795,1.06286071
1112,Sobral de Monte Agraço,1.000570993,0.909043319,1.228653737,1.032364797,0.98640533,0.975744763,1.255650844,1.042507644,1.631359006,1.480416816,0.907474569,0.25,1.519637462,1.03152728,1.05597305
1113,Torres Vedras,1.013833088,0.82757141,1.234784183,1.071555872,0.98463749,0.94331818,1.348637862,1.018888552,2.130433334,1.901973265,0.892763574,0.481865285,1.469194313,1.023561886,1.083510145
1114,Vila Franca de Xira,1.006620268,0.761035649,1.240777282,1.04955064,0.949387558,0.961045032,1.167588524,1.023041425,2.277455763,2.037252619,0.894530046,1.11627907,1.534979424,1.003211679,1.043074388
1115,Amadora,1.096111672,0.879505913,1.256480064,1.034778108,0.96539209,0.988667827,1.14496607,1.030053861,2.876003885,2.380482138,0.827704768,1.111111111,1.474339036,0.990477489,1.001443493
1116,Odivelas,1.015957919,0.865341114,1.259222586,1.020022031,0.96410626,0.997105423,1.068948965,1.032861242,2.506038267,2.146274778,0.856441341,0.844897959,1.458670989,1.039061823,1.041476171
1201,Alter do Chão,1.007328062,1.211283853,1.179209811,0.899646039,0.99337291,1.116282598,0.834290094,1.015672204,1.452347615,1.297945205,0.893687708,0.272727273,,0.987876802,0.879781421
1202,Arronches,0.998204411,0.724546157,1.22429753,0.940714379,1.053861126,1.063875747,0.911749943,1.074786088,1.863533019,1.799828914,0.965815403,0.2,,0.995669291,0.93258427
1203,Avis,1.001720816,1.337179879,1.183532365,0.884707489,1.033274358,1.108201745,0.928729419,1.052747232,1.283159172,1.285921626,1.002152853,0.125,,0.974449579,0.875736476
1204,Campo Maior,1.0025708,1.196333476,1.170708711,0.937711024,0.960576478,1.068783737,1.168190013,1.002018729,1.037785223,0.951861944,0.917205135,1.666666667,1.165991903,1.076987623,1.005356018
1205,Castelo de Vide,0.99533569,1.19362181,1.187260854,0.924980374,1.026949068,1.086349374,0.934866465,1.04311307,1.965165894,1.794979079,0.913398238,0.727272727,,1.007273987,0.92019774
1206,Crato,1.006378601,1.261565635,1.316901918,0.910018608,1.049060135,1.094393734,1.222492961,1.009598096,1.803902865,1.771908764,0.982263954,0.625,,0.981600736,0.894193548
1207,Elvas,0.998585859,1.229107796,1.185526185,0.964963428,1.001957529,1.038698202,1.004715207,1.055345567,1.321290709,1.216201999,0.920465116,1.2,1.210526316,1.003439252,0.962958806
1208,Fronteira,1.001160008,1.726884584,1.200530421,0.903299101,1.037877198,1.107873669,1.162250935,1.030891527,1.407680125,1.306186374,0.9279,0.166666667,,0.989201697,0.887407407
1209,Gavião,0.997196289,1.154877871,1.164633001,0.865160526,1.075500813,1.159725024,1.311217222,1.022890742,6.662403268,6.737758433,1.011310495,1.25,,0.980550153,0.842226047
1210,Marvão,1.001849483,1.227086824,1.103730233,0.887395124,1.020140924,1.125910453,0.874228781,1.020982364,1.400586603,1.394126739,0.995387751,0,,0.9936263,0.875169607
1211,Monforte,1.01366057,1.705613318,1.1944072,0.872412033,1.054772705,1.084071222,0.909652505,1.047308768,1.99857067,1.894263217,0.947808961,0.142857143,,1.020797963,0.937653815
1212,Nisa,1.009743949,1.116255595,1.163311053,0.847949847,1.028991793,1.180550983,1.113746671,1.011420932,1.275491942,1.227758007,0.962576065,0.285714286,,0.976372576,0.825357365
1213,Ponte de Sor,1.002672531,1.128147085,1.200332405,0.94556473,1.00073234,1.069044296,1.15650506,1.017053055,1.41129594,1.431841831,1.014558176,0.511111111,1.213166144,1.019872043,0.951881277
1214,Portalegre,1.001970703,1.157407632,1.174229957,0.95337067,0.997315538,1.053141524,0.955490712,1.040726002,1.342606832,1.161344538,0.864992278,0.378378378,1.193548387,0.993624093,0.940551181
1215,Sousel,0.9987001,1.150415076,1.164202865,0.927017284,1.003037442,1.082385246,1.130244829,1.026084475,1.368402577,1.389990557,1.015776025,0.222222222,,0.980517748,0.903474903
1301,Amarante,1.007302963,1.063768277,1.228144082,0.983026979,1.01991823,1.028566615,0.976378021,1.044949026,1.656597439,1.649044869,0.995440912,0.172839506,1.233333333,1.042141795,1.012158681
1302,Baião,0.996045287,1.204443672,1.227659663,0.915556783,1.05886299,1.093299071,0.987367481,1.050403135,1.596180222,1.694915254,1.061857066,0.171428571,1.175097276,1.02414834,0.935137397
1303,Felgueiras,1.006275147,0.907438858,1.242823489,1.015737902,1.01124204,0.991091171,1.012242525,1.035829896,1.420138159,1.508896797,1.0625,0.326732673,1.158102767,1.039082448,1.047258183
1304,Gondomar,1.025348621,0.870610223,1.212308039,1.032255363,0.988047767,0.973403783,1.086774139,1.030573643,2.381188729,2.202531646,0.924971472,0.47133758,1.485645933,1.015305845,1.042521684
1305,Lousada,1.014593225,0.865232002,1.252758553,1.028691425,1.01909567,0.980398213,1.055048691,1.023211894,1.512788581,1.693251534,1.119291588,0.613138686,1.429864253,1.074078045,1.094907256
1306,Maia,1.042744103,0.73305485,1.22811484,1.044613456,0.971146719,0.96422845,1.154028662,1.026421704,2.453912066,2.081961923,0.848425641,0.721153846,1.443514644,1.000872278,1.037081245
1307,Marco de Canaveses,1.002490894,1.042956897,1.229292108,0.98354788,1.008396567,1.02175813,0.935897247,1.039997251,1.459487438,1.538461538,1.054110848,0.203296703,1.112,1.039704601,1.016594232
1308,Matosinhos,1.060578242,0.838695423,1.187576567,1.040117751,0.975527131,0.969089687,1.11278738,1.032851591,2.58451351,2.091614518,0.809287513,1.134146341,1.507512521,1.001156351,1.032084458
1309,Paços de Ferreira,1.010584126,0.922590768,1.256562574,1.023649486,1.014115323,0.987799418,1.106465684,1.03445888,1.444610503,1.621848739,1.122689288,0.594285714,1.341818182,1.054233614,1.066450748
1310,Paredes,1.016408159,0.813283748,1.23242563,1.019128535,1.011757543,0.982271911,1.085867811,1.02995305,1.554139004,1.693344566,1.089570858,0.74251497,1.432989691,1.053860069,1.072348296
1311,Penafiel,1.014487864,1.014875895,1.191714795,1.003301558,0.995279747,1.001050149,1.000666285,1.036609795,1.353467427,1.43024619,1.056727446,0.43081761,1.344086022,1.060503195,1.058334034
1312,Porto,1.07512338,0.811308419,1.067036389,1.068386807,0.972620197,0.954014721,1.072792043,1.078131695,3.419591086,2.336138276,0.683163054,1.380487805,1.474150665,0.970808977,1.01376629
1313,Póvoa de Varzim,1.017075721,0.73102589,1.231637382,1.052416183,0.989305865,0.955629096,1.190235468,1.016991449,1.980272706,1.790995907,0.904418828,0.655844156,1.588528678,1.036285469,1.083252573
1314,Santo Tirso,1.005508369,1.191057724,1.228201709,0.988978515,1.001293553,1.021711732,1.007430503,1.029743637,1.570897492,1.533437014,0.976153447,0.315151515,1.266211604,1.041077441,1.017549483
1315,Valongo,1.04349555,0.720969399,1.259221287,1.048744168,0.966810516,0.957269729,1.205434074,1.015646236,2.229992801,2.111574953,0.946897656,0.71875,1.518248175,1.033578304,1.078860543
1316,Vila do Conde,1.018391788,0.847363342,1.218636369,1.05857637,1.005038524,0.955496988,1.206196746,1.011207612,2.011219691,1.802784882,0.896363972,0.787356322,1.46,1.027299955,1.073980154
1317,Vila Nova de Gaia,1.028086254,0.751394188,1.198168308,1.052356593,0.980665361,0.954369249,1.144834315,1.033835456,2.564215918,2.186401327,0.85265882,1.680555556,1.557172557,1.01392599,1.061568487
1318,Trofa,1.016202529,0.745035053,1.254944064,1.048098262,0.983214726,0.959231176,1.255339231,1.022785338,1.929050659,1.871981602,0.970415994,0.571428571,1.515942029,1.023435999,1.066182652
1401,Abrantes,1.00183695,1.203174565,1.184793839,0.945152304,1.001324475,1.063277882,1.126909632,1.01146533,1.338845564,1.206140351,0.900880853,0.313432836,1.396226415,0.985727729,0.925106277
1402,Alcanena,1.010868855,1.15574489,1.194094456,0.954958305,0.983380083,1.057231767,1.170443232,1.028108477,1.352028795,1.295212766,0.957977208,0.5,1.514644351,0.995535161,0.94036036
1403,Almeirim,1.001924838,1.081815721,1.209398317,0.981790344,0.984702906,1.027669127,1.359313913,1.008653024,1.675637579,1.597744361,0.95351428,0.340909091,1.39184953,0.993778651,0.965757089
1404,Alpiarça,0.999672108,1.043106835,1.228641741,0.972676433,1.032206381,1.03012265,1.264663215,1.006212187,1.243792,1.221611722,0.982167209,0.769230769,,0.99135589,0.960705961
1405,Benavente,0.993462908,0.883709539,1.270434355,1.042514741,0.989296783,0.961271112,1.325648394,1.031457784,1.98281187,1.824049174,0.919930525,0.6,1.378082192,1.027023357,1.066952477
1406,Cartaxo,1.011516998,1.006642285,1.188531735,1.014690704,1.004759544,0.993416267,1.124224861,1.021207355,1.736375617,1.601049869,0.922064244,0.659090909,1.363924051,0.99279874,0.997806559
1407,Chamusca,1.003105972,1.130790611,1.174226544,0.919633263,1.040730292,1.088372093,0.973565185,1.040089039,1.352262051,1.395583596,1.03203636,0.181818182,,0.969463195,0.888888889
1408,Constância,1.021592404,1.183744971,1.23656367,0.973416291,1.027334738,1.019716023,1.124547595,1.053414185,1.33125479,1.230769231,0.924518153,1.5,,1.010114943,0.987859425
1409,Coruche,1.002121287,1.043729285,1.166801099,0.933096894,1.0570782,1.067956034,1.041780693,1.033894214,1.937933568,1.906412478,0.983734685,1.090909091,1.276276276,0.95455625,0.892544123
1410,Entroncamento,1.079391682,1.059193694,1.187875554,1.020395583,0.968719848,0.982587924,1.401084026,1.020393445,1.658626965,1.447098976,0.872468007,0.609756098,1.496732026,1.01868635,1.035577042
1411,Ferreira do Zêzere,0.993968347,1.042101803,1.218694017,0.961095882,1.008785545,1.045304682,1.685489777,0.999358842,1.236590261,1.343311506,1.086302829,0.094339623,,1.000133191,0.954624782
1412,Golegã,0.996541476,1.056816704,1.259010879,0.95415649,0.970689469,1.051088792,1.072893509,1.020574365,2.079698439,1.966271081,0.94545971,0.75,,1.119743178,1.06088993
1413,Mação,1.007762605,0.890227423,1.152288151,0.954790033,0.983163066,1.049947713,1.405482552,0.98032281,1.704341365,1.677966102,0.984524687,0.379310345,,0.955590461,0.908186196
1414,Rio Maior,1.006207541,0.947443608,1.190910808,1.061372767,0.987676865,0.96368219,1.550675304,1.017229677,1.623030316,1.517304189,0.934858812,1.037735849,1.28807947,0.984640129,1.018063584
1415,Salvaterra de Magos,1.001635579,1.140027559,1.243304093,1.009173188,1.016449256,1.001803323,1.220341908,1.01943652,1.919173968,1.855572998,0.966860232,0.79,1.29512894,1.016242093,1.011128211
1416,Santarém,1.013728413,1.040073142,1.17568372,0.995805897,0.975069311,1.014205122,1.174841823,1.018805119,1.903823185,1.618403248,0.850080645,0.290780142,1.426426426,0.991680438,0.975983321
1417,Sardoal,1.011021057,0.891598997,1.147848096,1.014317702,0.997950372,0.99370321,1.085885752,0.995632754,1.969227129,1.843702579,0.936256961,0.052631579,,0.96969697,0.970937913
1418,Tomar,1.012320877,1.192837824,1.209153635,0.975740355,0.993203608,1.031254749,1.127625223,1.00950866,1.571982209,1.402132196,0.891951692,0.464285714,1.43768997,0.992129278,0.959579282
1419,Torres Novas,1.002155377,1.092622386,1.17907187,0.979557147,0.992348153,1.035584948,1.181605315,1.018044752,1.724284618,1.547307893,0.897362236,0.447154472,1.33968254,1.005512415,0.968963631
1420,Vila Nova da Barquinha,1.008925288,1.051023038,1.148169903,1.012460413,1.007521614,0.984691567,1.01329487,1.023800936,1.609481616,1.512333966,0.939640411,1.041666667,1.405797101,0.997074598,1.009621993
1421,Ourém,1.014816467,1.281815143,1.198483256,1.00686155,0.985403619,0.999896216,1.683249389,1.01195633,1.475954377,1.437475952,0.973929803,0.323741007,1.463722397,1.026647387,1.018304885
1501,Alcácer do Sal,0.996175704,1.201761173,1.207152924,0.906263497,0.983186699,1.114929398,1.12149039,1.046643475,1.784783424,1.720478326,0.963970364,0.71875,1.418539326,1.006123838,0.899350649
1502,Alcochete,1.05785877,0.690095826,1.224584689,1.056686675,0.996841135,0.951307113,1.105209618,1.054511287,2.542446212,1.995191023,0.784752501,1.842105263,1.6,1.042640054,1.094642331
1503,Almada,1.025734459,0.886596596,1.231591568,1.063330476,0.953675463,0.950963257,1.13304177,1.037875917,2.708069297,2.181181181,0.80543773,1.598290598,1.581666667,1.002020839,1.052725275
1504,Barreiro,1.005910597,0.893726149,1.188467341,1.043492292,0.959812598,0.965915392,1.162770489,1.023974901,2.826905413,2.449574727,0.866521638,0.526315789,1.723076923,1.001413546,1.035931754
1505,Grândola,1.002926618,0.899723636,1.114083584,0.919580077,0.987486156,1.098574479,1.054822203,1.048464507,2.464438792,2.226964113,0.903639449,0.590163934,1.436111111,1.041275642,0.945095413
1506,Moita,1.030968775,0.748318048,1.218870519,1.063364917,0.966328515,0.948283254,1.237888259,1.020278656,2.398335456,2.237762238,0.933048052,1.086956522,1.712158809,0.998355406,1.052377855
1507,Montijo,1.042073309,0.884320016,1.184163313,1.043156138,0.958266226,0.969187394,1.18211394,1.031120381,2.646134598,2.277722278,0.860773394,1.052631579,1.657718121,1.044850933,1.076739891
1508,Palmela,1.015031364,0.810555548,1.278953124,1.082602618,0.981312507,0.924841935,1.367968563,1.01868845,2.35441696,2.044678055,0.86844348,0.617021277,1.559164733,1.047705259,1.130970984
1509,Santiago do Cacém,1.012521362,0.955526785,1.187240683,0.992472456,0.96968529,1.014319287,1.101046917,1.021157892,2.216136555,1.863187588,0.84073681,0.139534884,1.479591837,1.00515436,0.988497367
1510,Seixal,1.005980913,0.861563835,1.300959228,1.062875842,0.974176678,0.959116108,1.29751534,1.020755613,2.620045492,2.295210166,0.876019203,1.75,1.657084189,1.043290642,1.086860153
1511,Sesimbra,1.017832079,0.787981083,1.368176723,1.064705796,0.970995392,0.976394262,1.193963987,1.02188028,2.14383943,1.911089399,0.891433083,0.584615385,1.517094017,1.04321842,1.066929542
1512,Setúbal,1.000249511,0.759936214,1.19174566,1.063110744,0.954085139,0.949753256,1.165139825,1.027453837,2.760530377,2.304895105,0.834946473,1,1.684444444,1.008047937,1.060027313
1513,Sines,1.008218214,1.054173153,1.212630654,1.026496992,0.956879792,0.981702475,1.09326773,1.017670064,1.9959549,1.713400465,0.858436462,0.705882353,1.602941176,1.040514547,1.053952991
1601,Arcos de Valdevez,1.013712956,1.27775366,1.185351225,0.939559449,1.020240708,1.072875188,1.202782993,1.019475136,1.54794966,1.542885473,0.996728462,0.463414634,1.411985019,1.031110596,0.959072007
1602,Caminha,1.018574048,1.240403676,1.247296286,0.999249141,0.980856464,1.011162398,1.287013232,1.003857128,1.658722767,1.493781095,0.900561037,0.203703704,1.264044944,1.034120357,1.018379415
1603,Melgaço,0.993101086,2.497591816,1.261248966,0.882316651,0.982573748,1.152869819,0.935456032,1.015495864,0.923859975,0.928848642,1.005399816,0.193548387,,1.033364104,0.893982808
1604,Monção,1.009041847,1.200603726,1.214760494,0.974661638,0.997368871,1.027381556,1.482334845,1.01172507,1.295154586,1.325111339,1.023129866,0.66,1.430976431,1.035359199,1.005510012
1605,Paredes de Coura,0.999871323,1.51881526,1.173050591,0.953134911,0.990000909,1.064962101,1.50038938,0.999646351,1.238932509,1.254273504,1.012382426,0.15,1.297188755,1.044173397,0.977739726
1606,Ponte da Barca,1.017420839,1.22897868,1.177429823,0.938811921,1.021137304,1.069225842,1.0625655,1.014813284,2.044073547,2.090234152,1.022582658,0.388059701,1.504464286,1.04991827,0.980093939
1607,Ponte de Lima,1.022143997,1.460009794,1.235768567,1.004988396,1.029727413,1.002704997,1.211851223,1.008479495,1.64352684,1.730958696,1.053197708,0.308823529,1.561837456,1.045354792,1.037553797
1608,Valença,1.00365207,1.331156384,1.199680184,0.981268364,0.977974273,1.019594691,1.320352357,1.016406792,1.384596983,1.420608108,1.026008376,0.763636364,1.248344371,1.048093481,1.025428518
1609,Viana do Castelo,1.007712949,1.108530255,1.226819908,1.026041057,1.002134066,0.978090456,1.195611421,1.025750557,1.883416403,1.710517639,0.908199401,0.591194969,1.485094851,1.021434648,1.042195821
1610,Vila Nova de Cerveira,1.00516128,1.252515186,1.228625263,1.004463661,0.989867957,0.998145365,1.41233057,1.000397058,1.418186494,1.378829003,0.972248014,0.59375,1.431654676,1.010238908,1.009163803
1701,Alijó,1.009886529,1.072999022,1.208793413,0.916240794,0.989528394,1.095301032,1.079138732,1.013860507,1.571099455,1.541425819,0.981112813,0.384615385,,1.011900595,0.921383648
1702,Boticas,1.002950306,2.764676178,1.246249343,0.876616795,1.048209204,1.145116811,0.924789656,1.042931099,2.166900303,2.170542636,1.00168089,0.181818182,,1.026344202,0.894347826
1703,Chaves,1.015415281,0.909492255,1.230562298,0.976417427,0.982478549,1.024949988,1.114134649,1.012235095,1.710489974,1.563139932,0.913855061,1.43902439,1.35620915,1.010876474,0.983975747
1704,Mesão Frio,0.99917578,1.241337252,1.142275854,0.91366874,1.001022497,1.104852516,0.9,1.030734978,4.847438506,4.880526811,1.006825939,0.888888889,,1,0.901692708
1705,Mondim de Basto,0.988162318,3.408689132,1.218347887,0.963181408,1.029497374,1.040203477,1.159437211,1.003229095,1.876014168,1.978315263,1.054531085,0.179487179,,1.015739304,0.974537037
1706,Montalegre,1.000124696,1.164104164,1.237517503,0.903606168,1.000905018,1.108172702,0.973319693,1.011599847,2.270415612,2.091809181,0.92133317,0.5,,1.035833096,0.931710775
1707,Murça,1.008736533,0.754158328,1.269953163,0.944268982,1.00237434,1.063138841,1.061926715,1.00214404,1.815680717,1.771689498,0.975771487,0.153846154,,1.02785178,0.964006938
1708,Peso da Régua,1.018233264,1.051678732,1.198396906,0.924506494,1.00081635,1.098012658,0.945033345,1.034842086,1.687697727,1.603060736,0.949850619,0.294117647,1.085443038,1.013973137,0.921565521
1709,Ribeira de Pena,1.000291137,0.876912897,1.228102076,0.95555788,1.038195518,1.04817392,0.988643707,1.035989227,1.208153395,1.234303216,1.02164445,0.65,,1.027291242,0.977687627
1710,Sabrosa,1.011344892,1.179656958,1.204540936,0.899999489,1.008565884,1.116084558,1.058899919,1.009007767,1.094520469,1.141700405,1.04310556,0.285714286,,1.037483843,0.926182708
1711,Santa Marta de Penaguião,1.024891643,1.02250317,1.249005735,0.883384821,1.021041275,1.144213595,0.961842095,0.980982762,1.539137748,1.529522024,0.993752547,0.090909091,,1.006490697,0.877925819
1712,Valpaços,1.016537959,1.464162806,1.24149383,0.913017212,0.979864076,1.09505813,1.238216853,1.0040838,1.719286577,1.620034542,0.942271378,0.392156863,1.171945701,1.028601615,0.937826087
1713,Vila Pouca de Aguiar,1.013828355,1.645148204,1.217183836,0.94149816,1.02170472,1.062940908,1.284421256,0.996628433,1.471565308,1.439263097,0.978049081,0.5,1.180851064,1.024723358,0.962606014
1714,Vila Real,1.016654186,0.848754859,1.249207859,1.006107612,0.970905757,0.997961668,1.144246409,1.011513083,2.018403651,1.691493117,0.838035099,0.254237288,1.307462687,1.029656347,1.029902063
1801,Armamar,1.023484249,0.966409254,1.151625943,0.997564688,0.996506494,1.006340122,1.293731127,1.031734661,0.74748111,0.736842105,0.985766871,0.047619048,,0.984365482,0.974601808
1802,Carregal do Sal,1.03010505,1.129156112,1.213227762,0.988813528,1.010406359,1.015348282,1.309956223,1.002158449,1.130622345,1.163879599,1.029414993,0.205882353,1.394736842,1.008243405,0.991516437
1803,Castro Daire,1.006841095,1.545044874,1.237270601,0.926926926,1.027539739,1.090864804,1.247399032,1.002926847,1.296606467,1.340952381,1.034201526,0.568181818,1.121621622,1.030143541,0.943058114
1804,Cinfães,1.001405753,1.530634613,1.212775128,0.895810673,1.042986963,1.118413227,1.00637888,1.029932119,1.446959995,1.516680228,1.048183948,0.065789474,1.354978355,1.046104791,0.934381031
1805,Lamego,1.023106931,0.964261411,1.189472309,0.969567944,0.994363954,1.038441263,1.031143791,1.014476361,1.623925151,1.471661864,0.906237505,0.348314607,1.199170124,1.020145735,0.97950279
1806,Mangualde,1.017808292,0.875035168,1.178671866,1.018873683,1.007436305,1.009794627,1.181897825,1.005114047,1.359486258,1.31510107,0.967351505,0.434782609,1.29787234,0.975622762,0.964909992
1807,Moimenta da Beira,1.013069002,1.638501265,1.207689965,0.979454301,0.997892009,1.03034368,1.163403204,1.011614636,1.138595957,1.107599699,0.97277677,0.227272727,,1.013974359,0.982852689
1808,Mortágua,1.005563596,1.260541623,1.235972312,0.976393311,1.021576022,1.04835268,1.453812652,1.016097088,1.195623501,1.227951807,1.027038862,0.744186047,1.313043478,1.031769794,0.983037371
1809,Nelas,1.015566965,1.111243856,1.186385424,0.976384763,0.959478553,1.030215364,1.233435432,1.01278061,1.157823409,1.137130802,0.982128013,0.857142857,1.306722689,1.01256712,0.980070124
1810,Oliveira de Frades,1.010098902,1.38495424,1.23266615,0.970978091,0.991943336,1.037624218,1.39319753,0.997958196,1.321611236,1.330087634,1.006413683,0.642857143,1.312741313,1.05521256,1.015159868
1811,Penalva do Castelo,1.003456592,1.263317402,1.243677604,0.920007283,1.088711315,1.091918634,1.276425632,1.013654472,1.979156794,2.090047393,1.056029233,0.292682927,,1.03821422,0.949246889
1812,Penedono,1.015319953,1.337575655,1.214787673,0.933597853,1.000336996,1.069252941,1.296139596,0.971308279,2.141344465,2.445414847,1.141999745,0.25,,1.058599696,0.98890785
1813,Resende,1.000338196,1.095574974,1.20376847,0.929085925,1.044298371,1.07844651,1.347649976,1.012921648,1.423532976,1.386576041,0.974038595,0.210526316,,1.038845428,0.960687961
1814,Santa Comba Dão,0.98871329,0.945182004,1.230542855,0.97839929,0.9977439,1.034146212,1.233350152,0.979769096,1.376951837,1.346608587,0.977963446,0.146341463,1.161290323,1.009314141,0.974612447
1815,São João da Pesqueira,1.013060485,1.518618161,1.195912442,0.908292513,0.991431641,1.108199845,1.017961189,1.018943993,1.421575214,1.429133858,1.005317079,0.470588235,,1.015655929,0.915338645
1816,São Pedro do Sul,1.007011002,1.21921197,1.219559341,0.974688179,1.006322821,1.032887184,1.346140624,0.998722622,1.746487967,1.724212812,0.987245739,0.075,1.512367491,1.011664075,0.972061807
1817,Sátão,1.006359128,1.131511553,1.269103621,0.933651061,1.00629657,1.066107913,1.318544768,0.99653528,1.096415431,1.113425926,1.015514646,0.386363636,1.468926554,1.019933197,0.955453149
1818,Sernancelhe,1.003496108,1.417687919,1.232785482,1.02343333,0.996123042,0.977148962,1.232409846,1.002087071,0.716735105,0.761904762,1.063021435,0.863636364,,1.03191252,1.054397099
1819,Tabuaço,1.052524025,0.904413316,1.266812459,0.877612921,1.01563278,1.139298954,1.001089128,1.005608618,1.572451923,1.546247818,0.983335503,0,,0.979421076,0.857730263
1820,Tarouca,1.059574403,0.55767152,1.061105061,1.124542934,1.03877925,0.891641352,1.62119142,1.007023264,1.273092386,1.299429165,1.020687237,0,,0.901024383,1.009358289
1821,Tondela,1.011301451,1.129279506,1.21214995,0.966233204,1.035693047,1.042106148,1.373083601,0.992248781,1.309544305,1.305413687,0.996845758,0,1.30794702,0.994567985,0.952980612
1822,Vila Nova de Paiva,1.005076644,1.287295711,1.240272682,0.933881465,1.013008189,1.073555152,1.212534546,1.022673409,0.750982671,0.781512605,1.040653314,0,,1.061443582,0.987139918
1823,Viseu,1.020087928,0.982400192,1.261037818,1.01708112,1.004339233,0.992948591,1.263936051,1.023317751,1.81558025,1.558265583,0.858274145,0,1.464071856,1.049648539,1.055462593
1824,Vouzela,1.020606114,1.128056552,1.149167835,0.975325635,1.031973752,1.031930918,1.142123561,1.006746683,1.259161137,1.286446886,1.021669783,0,,1.002088305,0.969345698
3101,Calheta (R.A.M.),1.010978709,1.064937022,1.242808402,0.981320936,1.018963869,1.02528291,1.195445205,0.980603487,1.720046821,1.65037594,0.959494774,0,,1.05559397,1.020251397
3102,Câmara de Lobos,1.002626642,1.059682894,1.251035221,0.998372554,1.019892554,1.003936058,1.070491116,1.002089412,1.609919307,1.703343465,1.05803034,0,1.097112861,1.029200359,1.024091778
3103,Funchal,1.020012436,0.952343857,1.172785662,1.035997797,0.97689586,0.975184456,1.098291468,1.028973151,2.062661127,1.674806432,0.811963932,0,1.441025641,1.006163091,1.027926233
3104,Machico,1.011878808,1.012259648,1.286871249,0.995510272,0.991094412,1.005064147,1.575870574,0.997696807,1.636034802,1.655437921,1.011859838,0,1.243902439,1.010556232,1.002614919
3105,Ponta do Sol,0.99443906,1.230536684,1.213230892,0.99038191,1.029383282,1.01134059,1.216093588,1.005177212,1.572645299,1.522720051,0.968253968,0,,1.044444444,1.028994845
3106,Porto Moniz,0.90080242,1.157257688,1.337573669,0.997835788,0.871838282,1.005968597,1.320243127,1.029124676,1.320055926,1.460743802,1.106577211,0,,1.037968189,1.025495751
3107,Ribeira Brava,0.998404419,0.96804272,1.180139165,1.022079479,0.969691797,0.982328871,1.31155216,1.009413208,1.374030885,1.340163934,0.975352113,0,,1.024082232,1.038995373
3108,Santa Cruz,1.019108538,0.872788299,1.248887969,1.037108843,0.972128687,0.967528025,1.517547992,0.999216417,1.735068457,1.584778959,0.913381223,0,1.461883408,1.014235938,1.045102232
3109,Santana,1.001555161,1.804077102,1.278483023,0.900741327,1.040984673,1.110569946,1.410801363,0.999676552,1.814592533,1.92,1.05808877,0,,1.007632013,0.901176471
3110,São Vicente,1.020330105,1.097947094,1.256965933,0.957770799,0.981513255,1.045470728,1.647918094,0.997734927,5.629844322,5.575838035,0.990407139,0,1.344965105,0.958935361,0.913753972
3201,Porto Santo,1.008178808,1.193846874,1.403011945,1.049175893,0.923233549,0.983349947,1.120275709,1.013808216,1.537390646,1.362863765,0.886478501,0,,1.01877095,1.030952381
4101,Vila do Porto,1.072127027,1.034352672,1.128631212,1.075094733,0.943697558,0.933686913,1.096497804,0.9827255,3.875434407,2.957575758,0.763159816,0,,1.015572859,1.084084084
4201,Lagoa (R.A.A),0.975828221,0.942586449,1.189830812,1.02943565,0.994901471,1.024822711,1.346088583,0.980656227,2.131652659,2,0.938239159,0,1.2,1.051703645,1.024200913
4202,Nordeste,0.994572568,0.914320002,1.087556631,0.999298077,0.955124789,1.008708035,1.350031925,0.990317917,1.789790327,1.776173285,0.992391821,0,,0.968969339,0.951814059
4203,Ponta Delgada,1.033994979,0.790528082,1.194045319,1.050623138,0.979094107,0.96526333,1.413469094,0.991043357,1.986313791,1.612469438,0.811789878,0,1.335025381,1.02992087,1.063602827
4204,Povoação,1.045853442,1.39112338,1.173017124,1.029064636,0.974499638,0.975031802,1.47875037,0.97974916,1.389287589,1.401015228,1.008441477,0,,0.994163424,1.015669516
4205,Ribeira Grande,1.081889373,1.055913743,1.204902308,1.031685566,0.999758676,0.973852884,1.591570596,0.996641509,1.750488631,1.73415493,0.99066907,0,1.193548387,1.048771773,1.07529752
4206,Vila Franca do Campo,0.992674503,0.976653394,1.226665397,1.012625798,1.022915245,0.990305306,1.298319191,1.001168027,1.827528567,1.732786885,0.948158574,0,,1.022759943,1.029565753
4301,Angra do Heroísmo,1.049757396,0.881851364,1.25095635,1.01849607,0.967709293,0.993335509,1.268871813,1.005956872,1.826806712,1.558847737,0.853318371,0,1.220125786,1.040678645,1.04403444
4302,Vila da Praia da Vitória,1.052374854,1.353423964,1.156495446,1.004330987,0.998809165,0.997838049,1.304344295,0.974257299,1.283244928,1.198282033,0.933790581,0,1.256281407,1.025409492,1.02526287
4401,Santa Cruz da Graciosa,1.007214379,1.161787356,1.156874937,0.954895217,0.97042131,1.05609656,1.199893754,1.017609556,0.807051667,0.790419162,0.979391052,0,,1.021915871,0.963208685
4501,Calheta (R.A.A.),1.043980422,1.025643362,1.274582481,1.01151604,0.905943246,0.99427643,1.420593636,0.993580007,1.404587606,1.511715797,1.076270201,0,,1.015507125,1.019217082
4502,Velas,1.04191926,1.265470799,1.110249202,0.968549559,0.982020611,1.040764636,1.288074517,1.020205927,1.945577758,1.913461538,0.983492703,0,,1.057087253,1.009462151
4601,Lajes do Pico,1.040395836,1.034742828,1.229912889,0.985592878,1.017155713,1.015223456,1.58286912,0.986633207,4.555774874,4.260292165,0.935141041,0,,1.016316285,0.997009569
4602,Madalena,1.025160363,1.211194429,1.240180607,0.994824897,0.944378703,1.021631009,1.706852514,1.017016032,5.472390072,5.102891728,0.932479518,0,1.403441683,1.144845035,1.116016909
4603,São Roque do Pico,1.040816625,1.22705873,1.276418627,1.05566127,0.975183368,0.954490675,1.272027948,0.989787483,3.901063361,3.482077542,0.892597031,0,,1.015438906,1.04995971
4701,Horta,1.046620087,1.282931836,1.263834745,1.004358366,0.972715429,1.001556643,1.199250911,1.0086837,1.802228654,1.54719764,0.858491314,0,1.576335878,1.04759881,1.038906221
4801,Lajes das Flores,1.027303535,1.799233294,1.061272748,1.028674472,0.994496697,1.016708373,1.273674013,1.004129398,1.768004503,1.769762846,1.00099453,0,,1.033066132,1.010016694
4802,Santa Cruz das Flores,1.039825461,1.625691925,1.152805465,0.965626488,1.00908361,1.058475552,1.100274732,1.011269751,1.303328862,1.216545012,0.933413707,0,,1.02247191,0.956069364
4901,Corvo,1.012434268,3.403752348,0.474889813,0.941463415,0.972685888,1.274611398,1.064137308,1.040733575,5.862835278,4.716981132,0.804556355,0,,1.078947368,0.833333333
